{"model":{"type":"range_dispatch","property":"custom_model_data","index":0,"fallback":{"type":"minecraft:model","model":"minecraft:block/acacia_leaves","tints":[{"type":"minecraft:constant","value":-12012264}]},"entries":[{"threshold":2300052,"model":{"type":"model","model":"cultivation:products/clt_parsley","tints":[{"type":"minecraft:constant","value":-12012264}]}},{"threshold":2300053,"model":{"type":"model","model":"item/acacia_leaves","tints":[{"type":"minecraft:constant","value":-12012264}]}}]},"oversized_in_gui":true}