{"model":{"type":"range_dispatch","property":"custom_model_data","index":0,"fallback":{"type":"minecraft:model","model":"minecraft:block/acacia_button_inventory"},"entries":[{"threshold":2301008,"model":{"type":"model","model":"slimetinker:materials/nuggets/nugget_cast_copper"}},{"threshold":2301028,"model":{"type":"model","model":"slimetinker:materials/nuggets/nugget_cast_bronze"}},{"threshold":2301052,"model":{"type":"model","model":"slimetinker:materials/nuggets/nugget_cast_redstone_alloy"}},{"threshold":2301054,"model":{"type":"model","model":"slimetinker:materials/nuggets/nugget_cast_boomerite"}},{"threshold":2301055,"model":{"type":"model","model":"item/acacia_button"}}]},"oversized_in_gui":true}