{"model":{"type":"range_dispatch","property":"custom_model_data","index":0,"fallback":{"type":"minecraft:model","model":"minecraft:item/bamboo"},"entries":[{"threshold":2203071,"model":{"type":"model","model":"gastronomicon:ingredient/gn_asparagus"}},{"threshold":2300068,"model":{"type":"model","model":"cultivation:products/clt_celery"}},{"threshold":2300091,"model":{"type":"model","model":"cultivation:products/clt_courgette"}},{"threshold":2300092,"model":{"type":"model","model":"cultivation:products/clt_cucumber"}},{"threshold":2300093,"model":{"type":"model","model":"item/bamboo"}}]},"oversized_in_gui":true}