{"model":{"type":"range_dispatch","property":"custom_model_data","index":0,"fallback":{"type":"minecraft:model","model":"minecraft:item/beetroot_seeds"},"entries":[{"threshold":2201415,"model":{"type":"model","model":"bump:magical_items/ksf_stuff"}},{"threshold":2201581,"model":{"type":"model","model":"supreme:components/supreme_dust_amethyst"}},{"threshold":2203036,"model":{"type":"model","model":"gastronomicon:ingredient/gn_oats"}},{"threshold":2203037,"model":{"type":"model","model":"gastronomicon:ingredient/gn_soybeans"}},{"threshold":2203043,"model":{"type":"model","model":"gastronomicon:ingredient/gn_sorghum_seeds"}},{"threshold":2203058,"model":{"type":"model","model":"gastronomicon:ingredient/gn_spinach_seeds"}},{"threshold":2203069,"model":{"type":"model","model":"gastronomicon:ingredient/gn_beans"}},{"threshold":2203140,"model":{"type":"model","model":"gastronomicon:food/gn_baked_beans"}},{"threshold":2300073,"model":{"type":"model","model":"cultivation:products/clt_chickpeas"}},{"threshold":2300074,"model":{"type":"model","model":"item/beetroot_seeds"}}]},"oversized_in_gui":true}