{"model":{"type":"range_dispatch","property":"custom_model_data","index":0,"fallback":{"type":"minecraft:model","model":"minecraft:block/birch_leaves","tints":[{"type":"minecraft:constant","value":-8345771}]},"entries":[{"threshold":2300053,"model":{"type":"model","model":"cultivation:products/clt_rosemary","tints":[{"type":"minecraft:constant","value":-8345771}]}},{"threshold":2300058,"model":{"type":"model","model":"cultivation:products/clt_thyme","tints":[{"type":"minecraft:constant","value":-8345771}]}},{"threshold":2300059,"model":{"type":"model","model":"item/birch_leaves","tints":[{"type":"minecraft:constant","value":-8345771}]}}]},"oversized_in_gui":true}