{"model":{"type":"range_dispatch","property":"custom_model_data","index":0,"fallback":{"type":"minecraft:model","model":"minecraft:block/black_stained_glass"},"entries":[{"threshold":2200520,"model":{"type":"model","model":"slimefun:slimefun/energy/carbon_press"}},{"threshold":2200521,"model":{"type":"model","model":"slimefun:slimefun/energy/carbon_press_2"}},{"threshold":2200522,"model":{"type":"model","model":"slimefun:slimefun/energy/carbon_press_3"}},{"threshold":2200523,"model":{"type":"model","model":"item/black_stained_glass"}}]},"oversized_in_gui":true}