{"model":{"type":"range_dispatch","property":"custom_model_data","index":0,"fallback":{"type":"minecraft:model","model":"minecraft:item/black_dye"},"entries":[{"threshold":2200812,"model":{"type":"model","model":"litexpansion:materials/coal_dust"}},{"threshold":2200819,"model":{"type":"model","model":"litexpansion:materials/raw_carbon_fibre"}},{"threshold":2200820,"model":{"type":"model","model":"litexpansion:materials/raw_carbon_mesh"}},{"threshold":2300060,"model":{"type":"model","model":"cultivation:products/clt_vanilla"}},{"threshold":2300061,"model":{"type":"model","model":"item/black_dye"}}]},"oversized_in_gui":true}