{"model":{"type":"range_dispatch","property":"custom_model_data","index":0,"fallback":{"type":"minecraft:model","model":"minecraft:block/blast_furnace"},"entries":[{"threshold":2200056,"model":{"type":"model","model":"slimefun:slimefun/basic_machines/makeshift_smeltery"}},{"threshold":2201291,"model":{"type":"model","model":"fluffymachines:generators/crank_generator"}},{"threshold":2201292,"model":{"type":"model","model":"fluffymachines:multiblocks/foundry"}},{"threshold":2201312,"model":{"type":"model","model":"fluffymachines:generators/generator_core"}},{"threshold":2201313,"model":{"type":"model","model":"fluffymachines:multiblocks/superheated_furnace"}},{"threshold":2203021,"model":{"type":"model","model":"gastronomicon:basic_machines/gn_multi_stove"}},{"threshold":2300605,"model":{"type":"model","model":"geneticchickengineering:machines/excitation_chamber"}},{"threshold":2300606,"model":{"type":"model","model":"geneticchickengineering:machines/excitation_chamber_2"}},{"threshold":2300607,"model":{"type":"model","model":"geneticchickengineering:machines/excitation_chamber_3"}},{"threshold":2305009,"model":{"type":"model","model":"minecraft:block/blast_furnace"}},{"threshold":2305165,"model":{"type":"model","model":"minecraft:block/blast_furnace"}},{"threshold":2305166,"model":{"type":"model","model":"minecraft:block/blast_furnace"}},{"threshold":2305167,"model":{"type":"model","model":"minecraft:block/blast_furnace"}},{"threshold":2305168,"model":{"type":"model","model":"minecraft:block/blast_furnace"}},{"threshold":2305178,"model":{"type":"model","model":"minecraft:block/blast_furnace"}},{"threshold":2305179,"model":{"type":"model","model":"minecraft:block/blast_furnace"}},{"threshold":2305180,"model":{"type":"model","model":"minecraft:block/blast_furnace"}},{"threshold":2305181,"model":{"type":"model","model":"minecraft:block/blast_furnace"}},{"threshold":2305182,"model":{"type":"model","model":"item/blast_furnace"}}]},"oversized_in_gui":true}