{"model":{"type":"range_dispatch","property":"custom_model_data","index":0,"fallback":{"type":"minecraft:model","model":"minecraft:item/blaze_powder"},"entries":[{"threshold":2200603,"model":{"type":"model","model":"infinityexpansion:materials/end_essence"}},{"threshold":2201039,"model":{"type":"model","model":"exotic_garden:plants/coal_essence"}},{"threshold":2201041,"model":{"type":"model","model":"exotic_garden:plants/diamond_essence"}},{"threshold":2201043,"model":{"type":"model","model":"exotic_garden:plants/emerald_essence"}},{"threshold":2201045,"model":{"type":"model","model":"exotic_garden:plants/ender_essence"}},{"threshold":2201047,"model":{"type":"model","model":"exotic_garden:plants/aluminum_essence"}},{"threshold":2201048,"model":{"type":"model","model":"exotic_garden:plants/copper_essence"}},{"threshold":2201049,"model":{"type":"model","model":"exotic_garden:plants/lead_essence"}},{"threshold":2201050,"model":{"type":"model","model":"exotic_garden:plants/silver_essence"}},{"threshold":2201051,"model":{"type":"model","model":"exotic_garden:plants/tin_essence"}},{"threshold":2201052,"model":{"type":"model","model":"exotic_garden:plants/glowstone_essence"}},{"threshold":2201054,"model":{"type":"model","model":"exotic_garden:plants/gold_essence"}},{"threshold":2201056,"model":{"type":"model","model":"exotic_garden:plants/iron_essence"}},{"threshold":2201058,"model":{"type":"model","model":"exotic_garden:plants/lapis_essence"}},{"threshold":2201060,"model":{"type":"model","model":"exotic_garden:plants/obsidian_essence"}},{"threshold":2201067,"model":{"type":"model","model":"exotic_garden:plants/quartz_essence"}},{"threshold":2201069,"model":{"type":"model","model":"exotic_garden:plants/redstone_essence"}},{"threshold":2201071,"model":{"type":"model","model":"exotic_garden:plants/slime_essence"}},{"threshold":2201092,"model":{"type":"model","model":"exotic_garden:plants/dirt_essence"}},{"threshold":2201094,"model":{"type":"model","model":"exotic_garden:plants/netherite_essence"}},{"threshold":2305060,"model":{"type":"model","model":"infinityexpansion2:materials/ender_essence"}},{"threshold":2305061,"model":{"type":"model","model":"item/blaze_powder"}}]},"oversized_in_gui":true}