{"model":{"type":"range_dispatch","property":"custom_model_data","index":0,"fallback":{"type":"minecraft:model","model":"minecraft:block/blue_stained_glass"},"entries":[{"threshold":2200357,"model":{"type":"model","model":"slimefun:slimefun/energy/electric_dust_washer"}},{"threshold":2200358,"model":{"type":"model","model":"slimefun:slimefun/energy/electric_dust_washer_2"}},{"threshold":2200359,"model":{"type":"model","model":"slimefun:slimefun/energy/electric_dust_washer_3"}},{"threshold":2202010,"model":{"type":"model","model":"slimefunwarfare:general/fiber_optic_glass"}},{"threshold":2202011,"model":{"type":"model","model":"item/blue_stained_glass"}}]},"oversized_in_gui":true}