{"model":{"type":"range_dispatch","property":"custom_model_data","index":0,"fallback":{"type":"minecraft:model","model":"minecraft:item/blue_stained_glass_pane"},"entries":[{"threshold":2305040,"model":{"type":"model","model":"minecraft:item/blue_stained_glass_pane"}},{"threshold":2305041,"model":{"type":"model","model":"minecraft:item/blue_stained_glass_pane"}},{"threshold":2305045,"model":{"type":"model","model":"minecraft:item/blue_stained_glass_pane"}},{"threshold":2305046,"model":{"type":"model","model":"item/blue_stained_glass_pane"}}]},"oversized_in_gui":true}