{"model":{"type":"range_dispatch","property":"custom_model_data","index":0,"fallback":{"type":"minecraft:condition","on_false":{"type":"minecraft:model","model":"minecraft:item/bow"},"on_true":{"type":"minecraft:range_dispatch","entries":[{"model":{"type":"minecraft:model","model":"minecraft:item/bow_pulling_1"},"threshold":0.65},{"model":{"type":"minecraft:model","model":"minecraft:item/bow_pulling_2"},"threshold":0.9}],"fallback":{"type":"minecraft:model","model":"minecraft:item/bow_pulling_0"},"property":"minecraft:use_duration","scale":0.05},"property":"minecraft:using_item"},"entries":[{"threshold":2200274,"model":{"type":"minecraft:condition","on_false":{"type":"minecraft:model","model":"slimefun:slimefun/weapons/soulbound_bow/soulbound_bow"},"on_true":{"type":"minecraft:range_dispatch","entries":[{"threshold":0.65,"model":{"type":"model","model":"slimefun:slimefun/weapons/soulbound_bow/soulbound_bow_1"}},{"threshold":0.9,"model":{"type":"model","model":"slimefun:slimefun/weapons/soulbound_bow/soulbound_bow_2"}}],"fallback":{"type":"minecraft:model","model":"slimefun:slimefun/weapons/soulbound_bow/soulbound_bow_0"},"property":"minecraft:use_duration","scale":0.05},"property":"minecraft:using_item"}},{"threshold":2200311,"model":{"type":"minecraft:condition","on_false":{"type":"minecraft:model","model":"slimefun:slimefun/weapons/explosive_bow/explosive_bow"},"on_true":{"type":"minecraft:range_dispatch","entries":[{"threshold":0.65,"model":{"type":"model","model":"slimefun:slimefun/weapons/explosive_bow/explosive_bow_1"}},{"threshold":0.9,"model":{"type":"model","model":"slimefun:slimefun/weapons/explosive_bow/explosive_bow_2"}}],"fallback":{"type":"minecraft:model","model":"slimefun:slimefun/weapons/explosive_bow/explosive_bow_0"},"property":"minecraft:use_duration","scale":0.05},"property":"minecraft:using_item"}},{"threshold":2200312,"model":{"type":"minecraft:condition","on_false":{"type":"minecraft:model","model":"slimefun:slimefun/weapons/icy_bow/icy_bow"},"on_true":{"type":"minecraft:range_dispatch","entries":[{"threshold":0.65,"model":{"type":"model","model":"slimefun:slimefun/weapons/icy_bow/icy_bow_1"}},{"threshold":0.9,"model":{"type":"model","model":"slimefun:slimefun/weapons/icy_bow/icy_bow_2"}}],"fallback":{"type":"minecraft:model","model":"slimefun:slimefun/weapons/icy_bow/icy_bow_0"},"property":"minecraft:use_duration","scale":0.05},"property":"minecraft:using_item"}},{"threshold":2200644,"model":{"type":"minecraft:condition","on_false":{"type":"minecraft:model","model":"infinityexpansion:tools/sky_piercer/sky_piercer"},"on_true":{"type":"minecraft:range_dispatch","entries":[{"threshold":0.65,"model":{"type":"model","model":"infinityexpansion:tools/sky_piercer/sky_piercer_1"}},{"threshold":0.9,"model":{"type":"model","model":"infinityexpansion:tools/sky_piercer/sky_piercer_2"}}],"fallback":{"type":"minecraft:model","model":"infinityexpansion:tools/sky_piercer/sky_piercer_0"},"property":"minecraft:use_duration","scale":0.05},"property":"minecraft:using_item"}},{"threshold":2201352,"model":{"type":"minecraft:condition","on_false":{"type":"minecraft:model","model":"foxymachines:weapons/acri_arcum/acri_arcum"},"on_true":{"type":"minecraft:range_dispatch","entries":[{"threshold":0.65,"model":{"type":"model","model":"foxymachines:weapons/acri_arcum/acri_arcum_1"}},{"threshold":0.9,"model":{"type":"model","model":"foxymachines:weapons/acri_arcum/acri_arcum_2"}}],"fallback":{"type":"minecraft:model","model":"foxymachines:weapons/acri_arcum/acri_arcum_0"},"property":"minecraft:use_duration","scale":0.05},"property":"minecraft:using_item"}},{"threshold":2201422,"model":{"type":"minecraft:condition","on_false":{"type":"minecraft:model","model":"bump:magical_weapons/light_bow/light_bow"},"on_true":{"type":"minecraft:range_dispatch","entries":[{"threshold":0.65,"model":{"type":"model","model":"bump:magical_weapons/light_bow/light_bow_1"}},{"threshold":0.9,"model":{"type":"model","model":"bump:magical_weapons/light_bow/light_bow_2"}}],"fallback":{"type":"minecraft:model","model":"bump:magical_weapons/light_bow/light_bow_0"},"property":"minecraft:use_duration","scale":0.05},"property":"minecraft:using_item"}},{"threshold":2201423,"model":{"type":"minecraft:condition","on_false":{"type":"minecraft:model","model":"bump:magical_weapons/witherskull_bow/witherskull_bow"},"on_true":{"type":"minecraft:range_dispatch","entries":[{"threshold":0.65,"model":{"type":"model","model":"bump:magical_weapons/witherskull_bow/witherskull_bow_1"}},{"threshold":0.9,"model":{"type":"model","model":"bump:magical_weapons/witherskull_bow/witherskull_bow_2"}}],"fallback":{"type":"minecraft:model","model":"bump:magical_weapons/witherskull_bow/witherskull_bow_0"},"property":"minecraft:use_duration","scale":0.05},"property":"minecraft:using_item"}},{"threshold":2201886,"model":{"type":"minecraft:condition","on_false":{"type":"minecraft:model","model":"supreme:weapons/bow/supreme_bow_thornium"},"on_true":{"type":"minecraft:range_dispatch","entries":[{"threshold":0.65,"model":{"type":"model","model":"supreme:weapons/bow/supreme_bow_thornium_1"}},{"threshold":0.9,"model":{"type":"model","model":"supreme:weapons/bow/supreme_bow_thornium_2"}}],"fallback":{"type":"minecraft:model","model":"supreme:weapons/bow/supreme_bow_thornium_0"},"property":"minecraft:use_duration","scale":0.05},"property":"minecraft:using_item"}},{"threshold":2201887,"model":{"type":"minecraft:condition","on_false":{"type":"minecraft:model","model":"supreme:weapons/bow/supreme_bow_magic"},"on_true":{"type":"minecraft:range_dispatch","entries":[{"threshold":0.65,"model":{"type":"model","model":"supreme:weapons/bow/supreme_bow_magic_1"}},{"threshold":0.9,"model":{"type":"model","model":"supreme:weapons/bow/supreme_bow_magic_2"}}],"fallback":{"type":"minecraft:model","model":"supreme:weapons/bow/supreme_bow_magic_0"},"property":"minecraft:use_duration","scale":0.05},"property":"minecraft:using_item"}},{"threshold":2201888,"model":{"type":"minecraft:condition","on_false":{"type":"minecraft:model","model":"supreme:weapons/bow/supreme_bow_rare"},"on_true":{"type":"minecraft:range_dispatch","entries":[{"threshold":0.65,"model":{"type":"model","model":"supreme:weapons/bow/supreme_bow_rare_1"}},{"threshold":0.9,"model":{"type":"model","model":"supreme:weapons/bow/supreme_bow_rare_2"}}],"fallback":{"type":"minecraft:model","model":"supreme:weapons/bow/supreme_bow_rare_0"},"property":"minecraft:use_duration","scale":0.05},"property":"minecraft:using_item"}},{"threshold":2201889,"model":{"type":"minecraft:condition","on_false":{"type":"minecraft:model","model":"supreme:weapons/bow/supreme_bow_epic"},"on_true":{"type":"minecraft:range_dispatch","entries":[{"threshold":0.65,"model":{"type":"model","model":"supreme:weapons/bow/supreme_bow_epic_1"}},{"threshold":0.9,"model":{"type":"model","model":"supreme:weapons/bow/supreme_bow_epic_2"}}],"fallback":{"type":"minecraft:model","model":"supreme:weapons/bow/supreme_bow_epic_0"},"property":"minecraft:use_duration","scale":0.05},"property":"minecraft:using_item"}},{"threshold":2201890,"model":{"type":"minecraft:condition","on_false":{"type":"minecraft:model","model":"supreme:weapons/bow/supreme_bow_legendary"},"on_true":{"type":"minecraft:range_dispatch","entries":[{"threshold":0.65,"model":{"type":"model","model":"supreme:weapons/bow/supreme_bow_legendary_1"}},{"threshold":0.9,"model":{"type":"model","model":"supreme:weapons/bow/supreme_bow_legendary_2"}}],"fallback":{"type":"minecraft:model","model":"supreme:weapons/bow/supreme_bow_legendary_0"},"property":"minecraft:use_duration","scale":0.05},"property":"minecraft:using_item"}},{"threshold":2201891,"model":{"type":"minecraft:condition","on_false":{"type":"minecraft:model","model":"supreme:weapons/bow/supreme_bow_supreme"},"on_true":{"type":"minecraft:range_dispatch","entries":[{"threshold":0.65,"model":{"type":"model","model":"supreme:weapons/bow/supreme_bow_supreme_1"}},{"threshold":0.9,"model":{"type":"model","model":"supreme:weapons/bow/supreme_bow_supreme_2"}}],"fallback":{"type":"minecraft:model","model":"supreme:weapons/bow/supreme_bow_supreme_0"},"property":"minecraft:use_duration","scale":0.05},"property":"minecraft:using_item"}},{"threshold":2305144,"model":{"type":"minecraft:condition","on_false":{"type":"minecraft:model","model":"infinityexpansion2:gear/sky_piercer/infinity_bow"},"on_true":{"type":"minecraft:range_dispatch","entries":[{"threshold":0.65,"model":{"type":"model","model":"infinityexpansion2:gear/sky_piercer/infinity_bow_1"}},{"threshold":0.9,"model":{"type":"model","model":"infinityexpansion2:gear/sky_piercer/infinity_bow_2"}}],"fallback":{"type":"minecraft:model","model":"infinityexpansion2:gear/sky_piercer/infinity_bow_0"},"property":"minecraft:use_duration","scale":0.05},"property":"minecraft:using_item"}},{"threshold":2305145,"model":{"type":"minecraft:condition","on_false":{"type":"minecraft:model","model":"item/bow"},"on_true":{"type":"minecraft:range_dispatch","entries":[],"fallback":{"type":"minecraft:model","model":"item/bow"},"property":"minecraft:use_duration","scale":0.05},"property":"minecraft:using_item"}}]},"oversized_in_gui":true}