{"model":{"type":"range_dispatch","property":"custom_model_data","index":0,"fallback":{"type":"minecraft:model","model":"minecraft:item/bowl"},"entries":[{"threshold":2200053,"model":{"type":"model","model":"slimefun:slimefun/tools/gold_pan"}},{"threshold":2200054,"model":{"type":"model","model":"slimefun:slimefun/tools/nether_gold_pan"}},{"threshold":2200243,"model":{"type":"model","model":"slimefun:slimefun/basic_machines/automated_panning_machine"}},{"threshold":2203004,"model":{"type":"model","model":"gastronomicon:tools/gn_mortar_and_pestle"}},{"threshold":2203005,"model":{"type":"model","model":"item/bowl"}}]},"oversized_in_gui":true}