{"model":{"type":"range_dispatch","property":"custom_model_data","index":0,"fallback":{"type":"minecraft:model","model":"minecraft:item/brick"},"entries":[{"threshold":2200081,"model":{"type":"model","model":"slimefun:slimefun/resources/ingots/bronze_ingot"}},{"threshold":2200105,"model":{"type":"model","model":"slimefun:slimefun/resources/ingots/copper_ingot"}},{"threshold":2200217,"model":{"type":"model","model":"slimefun:slimefun/resources/ingots/redstone_alloy"}},{"threshold":2200325,"model":{"type":"model","model":"slimefun:slimefun/christmas/christmas_caramel"}},{"threshold":2200601,"model":{"type":"model","model":"infinityexpansion:materials/adamantite"}},{"threshold":2200612,"model":{"type":"model","model":"infinityexpansion:materials/magsteel"}},{"threshold":2201286,"model":{"type":"model","model":"fluffymachines:portable_chargers/small_portable_charger"}},{"threshold":2202071,"model":{"type":"model","model":"slimefunwarfare:resources/holmium_ingot"}},{"threshold":2301002,"model":{"type":"model","model":"slimetinker:materials/seared_brick"}},{"threshold":2301055,"model":{"type":"model","model":"slimetinker:materials/ingots/ingot_cast_boomerite"}},{"threshold":2301064,"model":{"type":"model","model":"slimetinker:materials/ingots/ingot_cast_fondness"}},{"threshold":2301066,"model":{"type":"model","model":"slimetinker:materials/ingots/ingot_cast_devotion"}},{"threshold":2301068,"model":{"type":"model","model":"slimetinker:materials/ingots/ingot_cast_passion"}},{"threshold":2301070,"model":{"type":"model","model":"slimetinker:materials/ingots/ingot_cast_love"}},{"threshold":2305066,"model":{"type":"model","model":"infinityexpansion2:materials/magsteel"}},{"threshold":2305069,"model":{"type":"model","model":"infinityexpansion2:materials/adamantite"}},{"threshold":2305070,"model":{"type":"model","model":"item/brick"}}]},"oversized_in_gui":true}