{"model":{"type":"range_dispatch","property":"custom_model_data","index":0,"fallback":{"type":"minecraft:model","model":"minecraft:item/brown_mushroom"},"entries":[{"threshold":2203094,"model":{"type":"model","model":"gastronomicon:ingredient/gn_truffle"}},{"threshold":2203095,"model":{"type":"model","model":"gastronomicon:ingredient/gn_enoki_mushrooms"}},{"threshold":2203096,"model":{"type":"model","model":"gastronomicon:ingredient/gn_king_oyster_mushroom"}},{"threshold":2203097,"model":{"type":"model","model":"gastronomicon:ingredient/gn_button_mushroom"}},{"threshold":2203098,"model":{"type":"model","model":"item/brown_mushroom"}}]},"oversized_in_gui":true}