{"model":{"type":"range_dispatch","property":"custom_model_data","index":0,"fallback":{"type":"minecraft:model","model":"minecraft:block/brown_terracotta"},"entries":[{"threshold":2200354,"model":{"type":"model","model":"slimefun:slimefun/energy/electric_gold_pan"}},{"threshold":2200355,"model":{"type":"model","model":"slimefun:slimefun/energy/electric_gold_pan2"}},{"threshold":2200356,"model":{"type":"model","model":"slimefun:slimefun/energy/electric_gold_pan3"}},{"threshold":2200485,"model":{"type":"model","model":"slimefun:slimefun/energy/tree_growth_accelerator"}},{"threshold":2200486,"model":{"type":"model","model":"item/brown_terracotta"}}]},"oversized_in_gui":true}