{"model":{"type":"range_dispatch","property":"custom_model_data","index":0,"fallback":{"type":"minecraft:model","model":"minecraft:item/bucket"},"entries":[{"threshold":2200118,"model":{"type":"model","model":"slimefun:slimefun/technical_components/steel_thruster"}},{"threshold":2203003,"model":{"type":"model","model":"gastronomicon:tools/gn_blender"}},{"threshold":2203011,"model":{"type":"model","model":"gastronomicon:tools/gn_steel_bowl"}},{"threshold":2203012,"model":{"type":"model","model":"item/bucket"}}]},"oversized_in_gui":true}