{"model":{"type":"range_dispatch","property":"custom_model_data","index":0,"fallback":{"type":"minecraft:model","model":"minecraft:item/cauldron"},"entries":[{"threshold":2200143,"model":{"type":"model","model":"slimefun:slimefun/basic_machines/ore_washer"}},{"threshold":2200239,"model":{"type":"model","model":"slimefun:slimefun/basic_machines/composter"}},{"threshold":2200252,"model":{"type":"model","model":"slimefun:slimefun/basic_machines/crucible"}},{"threshold":2201078,"model":{"type":"model","model":"exotic_garden:misc/kitchen"}},{"threshold":2203009,"model":{"type":"model","model":"gastronomicon:tools/gn_steel_pot"}},{"threshold":2203010,"model":{"type":"model","model":"gastronomicon:tools/gn_distillation_chamber"}},{"threshold":2203023,"model":{"type":"model","model":"gastronomicon:basic_machines/gn_mill"}},{"threshold":2203024,"model":{"type":"model","model":"item/cauldron"}}]},"oversized_in_gui":true}