{"model":{"type":"range_dispatch","property":"custom_model_data","index":0,"fallback":{"type":"minecraft:model","model":"minecraft:item/chest_minecart"},"entries":[{"threshold":2201318,"model":{"type":"model","model":"fluffymachines:misc/filled_dolly"}},{"threshold":2301126,"model":{"type":"model","model":"slimetinker:part_building_guide/part_repair_kit_dummy"}},{"threshold":2301192,"model":{"type":"model","model":"slimetinker:part_dictionary/repair_kit/part_repair_kit_iron"}},{"threshold":2301209,"model":{"type":"model","model":"slimetinker:part_dictionary/repair_kit/part_repair_kit_gold"}},{"threshold":2301226,"model":{"type":"model","model":"slimetinker:part_dictionary/repair_kit/part_repair_kit_copper"}},{"threshold":2301243,"model":{"type":"model","model":"slimetinker:part_dictionary/repair_kit/part_repair_kit_lead"}},{"threshold":2301260,"model":{"type":"model","model":"slimetinker:part_dictionary/repair_kit/part_repair_kit_silver"}},{"threshold":2301277,"model":{"type":"model","model":"slimetinker:part_dictionary/repair_kit/part_repair_kit_aluminum"}},{"threshold":2301294,"model":{"type":"model","model":"slimetinker:part_dictionary/repair_kit/part_repair_kit_tin"}},{"threshold":2301311,"model":{"type":"model","model":"slimetinker:part_dictionary/repair_kit/part_repair_kit_zinc"}},{"threshold":2301328,"model":{"type":"model","model":"slimetinker:part_dictionary/repair_kit/part_repair_kit_magnesium"}},{"threshold":2301347,"model":{"type":"model","model":"slimetinker:part_dictionary/repair_kit/part_repair_kit_steel"}},{"threshold":2301365,"model":{"type":"model","model":"slimetinker:part_dictionary/repair_kit/part_repair_kit_damascus_steel"}},{"threshold":2301383,"model":{"type":"model","model":"slimetinker:part_dictionary/repair_kit/part_repair_kit_duralium"}},{"threshold":2301401,"model":{"type":"model","model":"slimetinker:part_dictionary/repair_kit/part_repair_kit_bronze"}},{"threshold":2301419,"model":{"type":"model","model":"slimetinker:part_dictionary/repair_kit/part_repair_kit_aluminum_bronze"}},{"threshold":2301437,"model":{"type":"model","model":"slimetinker:part_dictionary/repair_kit/part_repair_kit_hardened_metal"}},{"threshold":2301455,"model":{"type":"model","model":"slimetinker:part_dictionary/repair_kit/part_repair_kit_corinthian_bronze"}},{"threshold":2301473,"model":{"type":"model","model":"slimetinker:part_dictionary/repair_kit/part_repair_kit_solder"}},{"threshold":2301491,"model":{"type":"model","model":"slimetinker:part_dictionary/repair_kit/part_repair_kit_billon"}},{"threshold":2301509,"model":{"type":"model","model":"slimetinker:part_dictionary/repair_kit/part_repair_kit_brass"}},{"threshold":2301527,"model":{"type":"model","model":"slimetinker:part_dictionary/repair_kit/part_repair_kit_aluminum_brass"}},{"threshold":2301545,"model":{"type":"model","model":"slimetinker:part_dictionary/repair_kit/part_repair_kit_nickel"}},{"threshold":2301563,"model":{"type":"model","model":"slimetinker:part_dictionary/repair_kit/part_repair_kit_cobalt"}},{"threshold":2301581,"model":{"type":"model","model":"slimetinker:part_dictionary/repair_kit/part_repair_kit_reinforced_alloy"}},{"threshold":2301636,"model":{"type":"model","model":"slimetinker:part_dictionary/repair_kit/part_repair_kit_ferrosilicon"}},{"threshold":2301648,"model":{"type":"model","model":"slimetinker:part_dictionary/repair_kit/part_repair_kit_redstone_alloy"}},{"threshold":2301664,"model":{"type":"model","model":"slimetinker:part_dictionary/repair_kit/part_repair_kit_boomerite"}},{"threshold":2301671,"model":{"type":"model","model":"slimetinker:part_dictionary/repair_kit/part_repair_kit_sefirite"}},{"threshold":2301692,"model":{"type":"model","model":"slimetinker:part_dictionary/repair_kit/part_repair_kit_niceinium"}},{"threshold":2301710,"model":{"type":"model","model":"slimetinker:part_dictionary/repair_kit/part_repair_kit_smithium"}},{"threshold":2301718,"model":{"type":"model","model":"slimetinker:part_dictionary/repair_kit/part_repair_kit_anniversarium"}},{"threshold":2301719,"model":{"type":"model","model":"item/chest_minecart"}}]},"oversized_in_gui":true}