{"model":{"type":"range_dispatch","property":"custom_model_data","index":0,"fallback":{"type":"minecraft:select","cases":[{"model":{"type":"minecraft:special","base":"minecraft:item/chest","model":{"type":"minecraft:chest","texture":"minecraft:christmas"}},"when":["12-24","12-25","12-26"]}],"fallback":{"type":"minecraft:special","base":"minecraft:item/chest","model":{"type":"minecraft:chest","texture":"minecraft:normal"}},"pattern":"MM-dd","property":"minecraft:local_time"},"entries":[{"threshold":2200016,"model":{"type":"model","cases":[{"model":{"type":"minecraft:special","base":"minecraft:item/chest","model":{"type":"minecraft:chest","texture":"minecraft:christmas"}},"when":["12-24","12-25","12-26"]}],"fallback":{"type":"minecraft:special","base":"minecraft:item/chest","model":{"type":"minecraft:chest","texture":"minecraft:normal"}},"pattern":"MM-dd","property":"minecraft:local_time","model":"slimefun:slimefun/basic_machines/output_chest"}},{"threshold":2200017,"model":{"type":"model","cases":[{"model":{"type":"minecraft:special","base":"minecraft:item/chest","model":{"type":"minecraft:chest","texture":"minecraft:christmas"}},"when":["12-24","12-25","12-26"]}],"fallback":{"type":"minecraft:special","base":"minecraft:item/chest","model":{"type":"minecraft:chest","texture":"minecraft:normal"}},"pattern":"MM-dd","property":"minecraft:local_time","model":"item/chest"}}]},"oversized_in_gui":true}