{"model":{"type":"range_dispatch","property":"custom_model_data","index":0,"fallback":{"type":"minecraft:model","model":"minecraft:block/chiseled_polished_blackstone"},"entries":[{"threshold":2301003,"model":{"type":"model","model":"slimetinker:materials/smeltery_controller"}},{"threshold":2301170,"model":{"type":"model","model":"slimetinker:workstations/tinkers_smeltery_core"}},{"threshold":2305189,"model":{"type":"model","model":"minecraft:block/chiseled_polished_blackstone"}},{"threshold":2305190,"model":{"type":"model","model":"item/chiseled_polished_blackstone"}}]},"oversized_in_gui":true}