{"model":{"type":"range_dispatch","property":"custom_model_data","index":0,"fallback":{"type":"minecraft:model","model":"minecraft:item/cobweb"},"entries":[{"threshold":2200811,"model":{"type":"model","model":"litexpansion:materials/advanced_circuit"}},{"threshold":2200814,"model":{"type":"model","model":"litexpansion:materials/electronic_circuit"}},{"threshold":2300601,"model":{"type":"model","model":"geneticchickengineering:chicken_net"}},{"threshold":2300602,"model":{"type":"model","model":"item/cobweb"}}]},"oversized_in_gui":true}