{"model":{"type":"range_dispatch","property":"custom_model_data","index":0,"fallback":{"type":"minecraft:model","model":"minecraft:item/cod"},"entries":[{"threshold":2203105,"model":{"type":"model","model":"gastronomicon:ingredient/gn_raw_mackerel"}},{"threshold":2203109,"model":{"type":"model","model":"gastronomicon:ingredient/gn_raw_trout"}},{"threshold":2203111,"model":{"type":"model","model":"gastronomicon:ingredient/gn_raw_bass"}},{"threshold":2203113,"model":{"type":"model","model":"gastronomicon:ingredient/gn_raw_carp"}},{"threshold":2203115,"model":{"type":"model","model":"gastronomicon:ingredient/gn_raw_pike"}},{"threshold":2203117,"model":{"type":"model","model":"gastronomicon:ingredient/gn_raw_tuna"}},{"threshold":2203119,"model":{"type":"model","model":"gastronomicon:ingredient/gn_shrimp"}},{"threshold":2203120,"model":{"type":"model","model":"item/cod"}}]},"oversized_in_gui":true}