{"model":{"type":"range_dispatch","property":"custom_model_data","index":0,"fallback":{"type":"minecraft:model","model":"minecraft:item/cooked_beef"},"entries":[{"threshold":2200019,"model":{"type":"model","model":"slimefun:slimefun/food/beef_jerky"}},{"threshold":2305005,"model":{"type":"model","model":"minecraft:item/cooked_beef"}},{"threshold":2305118,"model":{"type":"model","model":"infinityexpansion2:food/cosmic_meatballs"}},{"threshold":2305119,"model":{"type":"model","model":"item/cooked_beef"}}]},"oversized_in_gui":true}