{"model":{"type":"range_dispatch","property":"custom_model_data","index":0,"fallback":{"type":"minecraft:model","model":"minecraft:item/cooked_cod"},"entries":[{"threshold":2200024,"model":{"type":"model","model":"slimefun:slimefun/food/fish_jerky"}},{"threshold":2203106,"model":{"type":"model","model":"gastronomicon:ingredient/gn_cooked_mackerel"}},{"threshold":2203110,"model":{"type":"model","model":"gastronomicon:ingredient/gn_cooked_trout"}},{"threshold":2203112,"model":{"type":"model","model":"gastronomicon:ingredient/gn_cooked_bass"}},{"threshold":2203114,"model":{"type":"model","model":"gastronomicon:ingredient/gn_cooked_carp"}},{"threshold":2203116,"model":{"type":"model","model":"gastronomicon:ingredient/gn_cooked_pike"}},{"threshold":2203118,"model":{"type":"model","model":"gastronomicon:ingredient/gn_cooked_tuna"}},{"threshold":2203119,"model":{"type":"model","model":"item/cooked_cod"}}]},"oversized_in_gui":true}