{"model":{"type":"range_dispatch","property":"custom_model_data","index":0,"fallback":{"type":"minecraft:model","model":"minecraft:item/cookie"},"entries":[{"threshold":2200014,"model":{"type":"model","model":"slimefun:slimefun/food/fortune_cookie"}},{"threshold":2200015,"model":{"type":"model","model":"slimefun:slimefun/food/diet_cookie"}},{"threshold":2200025,"model":{"type":"model","model":"slimefun:slimefun/food/kelp_cookie"}},{"threshold":2200320,"model":{"type":"model","model":"slimefun:slimefun/christmas/christmas_cookie"}},{"threshold":2200321,"model":{"type":"model","model":"item/cookie"}}]},"oversized_in_gui":true}