{"model":{"type":"range_dispatch","property":"custom_model_data","index":0,"fallback":{"type":"minecraft:model","model":"minecraft:block/crafting_table"},"entries":[{"threshold":2200017,"model":{"type":"model","model":"slimefun:slimefun/basic_machines/enhanced_crafting_table"}},{"threshold":2200132,"model":{"type":"model","model":"slimefun:slimefun/basic_machines/magic_workbench"}},{"threshold":2200350,"model":{"type":"model","model":"slimefun:slimefun/energy/charging_bench"}},{"threshold":2203020,"model":{"type":"model","model":"gastronomicon:basic_machines/gn_culinary_workbench"}},{"threshold":2203021,"model":{"type":"model","model":"item/crafting_table"}}]},"oversized_in_gui":true}