{"model":{"type":"range_dispatch","property":"custom_model_data","index":0,"fallback":{"type":"minecraft:condition","on_false":{"type":"minecraft:select","cases":[{"model":{"type":"minecraft:model","model":"minecraft:item/crossbow_arrow"},"when":"arrow"},{"model":{"type":"minecraft:model","model":"minecraft:item/crossbow_firework"},"when":"rocket"}],"fallback":{"type":"minecraft:model","model":"minecraft:item/crossbow"},"property":"minecraft:charge_type"},"on_true":{"type":"minecraft:range_dispatch","entries":[{"model":{"type":"minecraft:model","model":"minecraft:item/crossbow_pulling_1"},"threshold":0.58},{"model":{"type":"minecraft:model","model":"minecraft:item/crossbow_pulling_2"},"threshold":1.0}],"fallback":{"type":"minecraft:model","model":"minecraft:item/crossbow_pulling_0"},"property":"minecraft:crossbow/pull"},"property":"minecraft:using_item"},"entries":[{"threshold":2305145,"model":{"type":"minecraft:condition","on_false":{"type":"minecraft:select","cases":[{"model":{"type":"model","model":"infinityexpansion2:gear/star_shooter/infinity_crossbow_charged"},"when":"arrow"},{"model":{"type":"model","model":"infinityexpansion2:gear/star_shooter/infinity_crossbow_firework"},"when":"rocket"}],"fallback":{"type":"model","model":"infinityexpansion2:gear/star_shooter/infinity_crossbow"},"property":"minecraft:charge_type","model":"infinityexpansion2:gear/star_shooter/infinity_crossbow"},"on_true":{"type":"minecraft:range_dispatch","entries":[{"threshold":0.58,"model":{"type":"model","model":"infinityexpansion2:gear/star_shooter/infinity_crossbow_1"}},{"threshold":1.0,"model":{"type":"model","model":"infinityexpansion2:gear/star_shooter/infinity_crossbow_2"}}],"fallback":{"type":"minecraft:model","model":"infinityexpansion2:gear/star_shooter/infinity_crossbow"},"property":"minecraft:crossbow/pull"},"property":"minecraft:using_item"}},{"threshold":2305146,"model":{"type":"minecraft:condition","on_false":{"type":"minecraft:select","cases":[{"model":{"type":"minecraft:model","model":"minecraft:item/crossbow_arrow"},"when":"arrow"},{"model":{"type":"minecraft:model","model":"minecraft:item/crossbow_firework"},"when":"rocket"}],"fallback":{"type":"model","model":"item/crossbow"},"property":"minecraft:charge_type","model":"item/crossbow"},"on_true":{"type":"minecraft:range_dispatch","entries":[],"fallback":{"type":"minecraft:model","model":"item/crossbow"},"property":"minecraft:crossbow/pull"},"property":"minecraft:using_item"}}]},"oversized_in_gui":true}