{"model":{"type":"range_dispatch","property":"custom_model_data","index":0,"fallback":{"type":"minecraft:model","model":"minecraft:block/dark_oak_leaves","tints":[{"type":"minecraft:constant","value":-12012264}]},"entries":[{"threshold":2300049,"model":{"type":"model","model":"cultivation:products/clt_marjoram","tints":[{"type":"minecraft:constant","value":-12012264}]}},{"threshold":2300050,"model":{"type":"model","model":"item/dark_oak_leaves","tints":[{"type":"minecraft:constant","value":-12012264}]}}]},"oversized_in_gui":true}