{"model":{"type":"range_dispatch","property":"custom_model_data","index":0,"fallback":{"type":"minecraft:model","model":"minecraft:block/daylight_detector"},"entries":[{"threshold":2200157,"model":{"type":"model","model":"slimefun:slimefun/technical_components/solar_panel"}},{"threshold":2200346,"model":{"type":"model","model":"slimefun:slimefun/energy/solar_generator"}},{"threshold":2200347,"model":{"type":"model","model":"slimefun:slimefun/energy/solar_generator_2"}},{"threshold":2200348,"model":{"type":"model","model":"slimefun:slimefun/energy/solar_generator_3"}},{"threshold":2200349,"model":{"type":"model","model":"slimefun:slimefun/energy/solar_generator_4"}},{"threshold":2200350,"model":{"type":"model","model":"item/daylight_detector"}}]},"oversized_in_gui":true}