{"model":{"type":"range_dispatch","property":"custom_model_data","index":0,"fallback":{"type":"minecraft:model","model":"minecraft:item/diamond_shovel"},"entries":[{"threshold":2200242,"model":{"type":"model","model":"slimefun:slimefun/tools/explosive_shovel"}},{"threshold":2200277,"model":{"type":"model","model":"slimefun:slimefun/tools/soulbound_shovel"}},{"threshold":2201301,"model":{"type":"model","model":"fluffymachines:tools/upgraded_explosive_shovel"}},{"threshold":2201302,"model":{"type":"model","model":"fluffymachines:tools/paxel"}},{"threshold":2201925,"model":{"type":"model","model":"supreme:weapons/shovel/supreme_titanium_shovel"}},{"threshold":2201926,"model":{"type":"model","model":"supreme:weapons/shovel/supreme_aurum_shovel"}},{"threshold":2201927,"model":{"type":"model","model":"supreme:weapons/shovel/supreme_adamantium_shovel"}},{"threshold":2201928,"model":{"type":"model","model":"item/diamond_shovel"}}]},"oversized_in_gui":true}