{"model":{"type":"range_dispatch","property":"custom_model_data","index":0,"fallback":{"type":"minecraft:model","model":"minecraft:item/diamond_sword"},"entries":[{"threshold":2200272,"model":{"type":"model","model":"slimefun:slimefun/weapons/soulbound_sword"}},{"threshold":2200827,"model":{"type":"model","model":"litexpansion:tools/nano_blade"}},{"threshold":2201424,"model":{"type":"model","model":"bump:magical_weapons/emer_sword"}},{"threshold":2201426,"model":{"type":"model","model":"bump:magical_weapons/random_sword"}},{"threshold":2201432,"model":{"type":"model","model":"bump:magical_weapons/sky_devil_sword"}},{"threshold":2201892,"model":{"type":"model","model":"supreme:weapons/sword/supreme_titanium_sword"}},{"threshold":2201893,"model":{"type":"model","model":"supreme:weapons/sword/supreme_aurum_sword"}},{"threshold":2201894,"model":{"type":"model","model":"supreme:weapons/sword/supreme_adamantium_sword"}},{"threshold":2202019,"model":{"type":"model","model":"slimefunwarfare:melee_weapons/energy_blade"}},{"threshold":2202020,"model":{"type":"model","model":"item/diamond_sword"}}]},"oversized_in_gui":true}