{"model":{"type":"range_dispatch","property":"custom_model_data","index":0,"fallback":{"type":"minecraft:select","cases":[{"model":{"type":"minecraft:model","model":"minecraft:item/diamond_leggings_quartz_trim"},"when":"minecraft:quartz"},{"model":{"type":"minecraft:model","model":"minecraft:item/diamond_leggings_iron_trim"},"when":"minecraft:iron"},{"model":{"type":"minecraft:model","model":"minecraft:item/diamond_leggings_netherite_trim"},"when":"minecraft:netherite"},{"model":{"type":"minecraft:model","model":"minecraft:item/diamond_leggings_redstone_trim"},"when":"minecraft:redstone"},{"model":{"type":"minecraft:model","model":"minecraft:item/diamond_leggings_copper_trim"},"when":"minecraft:copper"},{"model":{"type":"minecraft:model","model":"minecraft:item/diamond_leggings_gold_trim"},"when":"minecraft:gold"},{"model":{"type":"minecraft:model","model":"minecraft:item/diamond_leggings_emerald_trim"},"when":"minecraft:emerald"},{"model":{"type":"minecraft:model","model":"minecraft:item/diamond_leggings_diamond_trim"},"when":"minecraft:diamond"},{"model":{"type":"minecraft:model","model":"minecraft:item/diamond_leggings_lapis_trim"},"when":"minecraft:lapis"},{"model":{"type":"minecraft:model","model":"minecraft:item/diamond_leggings_amethyst_trim"},"when":"minecraft:amethyst"},{"model":{"type":"minecraft:model","model":"minecraft:item/diamond_leggings_resin_trim"},"when":"minecraft:resin"}],"fallback":{"type":"minecraft:model","model":"minecraft:item/diamond_leggings"},"property":"minecraft:trim_material"},"entries":[{"threshold":2200281,"model":{"type":"model","cases":[{"model":{"type":"minecraft:model","model":"minecraft:item/diamond_leggings_quartz_trim"},"when":"minecraft:quartz"},{"model":{"type":"minecraft:model","model":"minecraft:item/diamond_leggings_iron_trim"},"when":"minecraft:iron"},{"model":{"type":"minecraft:model","model":"minecraft:item/diamond_leggings_netherite_trim"},"when":"minecraft:netherite"},{"model":{"type":"minecraft:model","model":"minecraft:item/diamond_leggings_redstone_trim"},"when":"minecraft:redstone"},{"model":{"type":"minecraft:model","model":"minecraft:item/diamond_leggings_copper_trim"},"when":"minecraft:copper"},{"model":{"type":"minecraft:model","model":"minecraft:item/diamond_leggings_gold_trim"},"when":"minecraft:gold"},{"model":{"type":"minecraft:model","model":"minecraft:item/diamond_leggings_emerald_trim"},"when":"minecraft:emerald"},{"model":{"type":"minecraft:model","model":"minecraft:item/diamond_leggings_diamond_trim"},"when":"minecraft:diamond"},{"model":{"type":"minecraft:model","model":"minecraft:item/diamond_leggings_lapis_trim"},"when":"minecraft:lapis"},{"model":{"type":"minecraft:model","model":"minecraft:item/diamond_leggings_amethyst_trim"},"when":"minecraft:amethyst"},{"model":{"type":"minecraft:model","model":"minecraft:item/diamond_leggings_resin_trim"},"when":"minecraft:resin"}],"fallback":{"type":"minecraft:model","model":"minecraft:item/diamond_leggings"},"property":"minecraft:trim_material","model":"slimefun:slimefun/magical_armor/soulbound_armor/soulbound_leggings"}},{"threshold":2201955,"model":{"type":"model","cases":[{"model":{"type":"minecraft:model","model":"minecraft:item/diamond_leggings_quartz_trim"},"when":"minecraft:quartz"},{"model":{"type":"minecraft:model","model":"minecraft:item/diamond_leggings_iron_trim"},"when":"minecraft:iron"},{"model":{"type":"minecraft:model","model":"minecraft:item/diamond_leggings_netherite_trim"},"when":"minecraft:netherite"},{"model":{"type":"minecraft:model","model":"minecraft:item/diamond_leggings_redstone_trim"},"when":"minecraft:redstone"},{"model":{"type":"minecraft:model","model":"minecraft:item/diamond_leggings_copper_trim"},"when":"minecraft:copper"},{"model":{"type":"minecraft:model","model":"minecraft:item/diamond_leggings_gold_trim"},"when":"minecraft:gold"},{"model":{"type":"minecraft:model","model":"minecraft:item/diamond_leggings_emerald_trim"},"when":"minecraft:emerald"},{"model":{"type":"minecraft:model","model":"minecraft:item/diamond_leggings_diamond_trim"},"when":"minecraft:diamond"},{"model":{"type":"minecraft:model","model":"minecraft:item/diamond_leggings_lapis_trim"},"when":"minecraft:lapis"},{"model":{"type":"minecraft:model","model":"minecraft:item/diamond_leggings_amethyst_trim"},"when":"minecraft:amethyst"},{"model":{"type":"minecraft:model","model":"minecraft:item/diamond_leggings_resin_trim"},"when":"minecraft:resin"}],"fallback":{"type":"minecraft:model","model":"minecraft:item/diamond_leggings"},"property":"minecraft:trim_material","model":"supreme:armor/leggings/supreme_titanium_leggings"}},{"threshold":2201956,"model":{"type":"model","cases":[{"model":{"type":"minecraft:model","model":"minecraft:item/diamond_leggings_quartz_trim"},"when":"minecraft:quartz"},{"model":{"type":"minecraft:model","model":"minecraft:item/diamond_leggings_iron_trim"},"when":"minecraft:iron"},{"model":{"type":"minecraft:model","model":"minecraft:item/diamond_leggings_netherite_trim"},"when":"minecraft:netherite"},{"model":{"type":"minecraft:model","model":"minecraft:item/diamond_leggings_redstone_trim"},"when":"minecraft:redstone"},{"model":{"type":"minecraft:model","model":"minecraft:item/diamond_leggings_copper_trim"},"when":"minecraft:copper"},{"model":{"type":"minecraft:model","model":"minecraft:item/diamond_leggings_gold_trim"},"when":"minecraft:gold"},{"model":{"type":"minecraft:model","model":"minecraft:item/diamond_leggings_emerald_trim"},"when":"minecraft:emerald"},{"model":{"type":"minecraft:model","model":"minecraft:item/diamond_leggings_diamond_trim"},"when":"minecraft:diamond"},{"model":{"type":"minecraft:model","model":"minecraft:item/diamond_leggings_lapis_trim"},"when":"minecraft:lapis"},{"model":{"type":"minecraft:model","model":"minecraft:item/diamond_leggings_amethyst_trim"},"when":"minecraft:amethyst"},{"model":{"type":"minecraft:model","model":"minecraft:item/diamond_leggings_resin_trim"},"when":"minecraft:resin"}],"fallback":{"type":"minecraft:model","model":"minecraft:item/diamond_leggings"},"property":"minecraft:trim_material","model":"supreme:armor/leggings/supreme_aurum_leggings"}},{"threshold":2201957,"model":{"type":"model","cases":[{"model":{"type":"minecraft:model","model":"minecraft:item/diamond_leggings_quartz_trim"},"when":"minecraft:quartz"},{"model":{"type":"minecraft:model","model":"minecraft:item/diamond_leggings_iron_trim"},"when":"minecraft:iron"},{"model":{"type":"minecraft:model","model":"minecraft:item/diamond_leggings_netherite_trim"},"when":"minecraft:netherite"},{"model":{"type":"minecraft:model","model":"minecraft:item/diamond_leggings_redstone_trim"},"when":"minecraft:redstone"},{"model":{"type":"minecraft:model","model":"minecraft:item/diamond_leggings_copper_trim"},"when":"minecraft:copper"},{"model":{"type":"minecraft:model","model":"minecraft:item/diamond_leggings_gold_trim"},"when":"minecraft:gold"},{"model":{"type":"minecraft:model","model":"minecraft:item/diamond_leggings_emerald_trim"},"when":"minecraft:emerald"},{"model":{"type":"minecraft:model","model":"minecraft:item/diamond_leggings_diamond_trim"},"when":"minecraft:diamond"},{"model":{"type":"minecraft:model","model":"minecraft:item/diamond_leggings_lapis_trim"},"when":"minecraft:lapis"},{"model":{"type":"minecraft:model","model":"minecraft:item/diamond_leggings_amethyst_trim"},"when":"minecraft:amethyst"},{"model":{"type":"minecraft:model","model":"minecraft:item/diamond_leggings_resin_trim"},"when":"minecraft:resin"}],"fallback":{"type":"minecraft:model","model":"minecraft:item/diamond_leggings"},"property":"minecraft:trim_material","model":"supreme:armor/leggings/supreme_adamantium_leggings"}},{"threshold":2201958,"model":{"type":"model","cases":[{"model":{"type":"minecraft:model","model":"minecraft:item/diamond_leggings_quartz_trim"},"when":"minecraft:quartz"},{"model":{"type":"minecraft:model","model":"minecraft:item/diamond_leggings_iron_trim"},"when":"minecraft:iron"},{"model":{"type":"minecraft:model","model":"minecraft:item/diamond_leggings_netherite_trim"},"when":"minecraft:netherite"},{"model":{"type":"minecraft:model","model":"minecraft:item/diamond_leggings_redstone_trim"},"when":"minecraft:redstone"},{"model":{"type":"minecraft:model","model":"minecraft:item/diamond_leggings_copper_trim"},"when":"minecraft:copper"},{"model":{"type":"minecraft:model","model":"minecraft:item/diamond_leggings_gold_trim"},"when":"minecraft:gold"},{"model":{"type":"minecraft:model","model":"minecraft:item/diamond_leggings_emerald_trim"},"when":"minecraft:emerald"},{"model":{"type":"minecraft:model","model":"minecraft:item/diamond_leggings_diamond_trim"},"when":"minecraft:diamond"},{"model":{"type":"minecraft:model","model":"minecraft:item/diamond_leggings_lapis_trim"},"when":"minecraft:lapis"},{"model":{"type":"minecraft:model","model":"minecraft:item/diamond_leggings_amethyst_trim"},"when":"minecraft:amethyst"},{"model":{"type":"minecraft:model","model":"minecraft:item/diamond_leggings_resin_trim"},"when":"minecraft:resin"}],"fallback":{"type":"minecraft:model","model":"minecraft:item/diamond_leggings"},"property":"minecraft:trim_material","model":"item/diamond_leggings"}}]},"oversized_in_gui":true}