{"model":{"type":"range_dispatch","property":"custom_model_data","index":0,"fallback":{"type":"minecraft:model","model":"minecraft:item/diamond_axe"},"entries":[{"threshold":2200197,"model":{"type":"model","model":"slimefun:slimefun/tools/lumber_axe"}},{"threshold":2200276,"model":{"type":"model","model":"slimefun:slimefun/tools/soulbound_axe"}},{"threshold":2201297,"model":{"type":"model","model":"fluffymachines:wrenches/reinforced_fluffy_wrench"}},{"threshold":2201299,"model":{"type":"model","model":"fluffymachines:tools/upgraded_lumber_axe"}},{"threshold":2201302,"model":{"type":"model","model":"fluffymachines:tools/paxel"}},{"threshold":2201907,"model":{"type":"model","model":"supreme:weapons/axe/supreme_titanium_axe"}},{"threshold":2201908,"model":{"type":"model","model":"supreme:weapons/axe/supreme_aurum_axe"}},{"threshold":2201909,"model":{"type":"model","model":"supreme:weapons/axe/supreme_adamantium_axe"}},{"threshold":2201910,"model":{"type":"model","model":"item/diamond_axe"}}]},"oversized_in_gui":true}