{"model":{"type":"range_dispatch","property":"custom_model_data","index":0,"fallback":{"type":"minecraft:model","model":"minecraft:item/diamond_pickaxe"},"entries":[{"threshold":2200163,"model":{"type":"model","model":"slimefun:slimefun/tools/smelters_pickaxe"}},{"threshold":2200241,"model":{"type":"model","model":"slimefun:slimefun/tools/explosive_pickaxe"}},{"threshold":2200245,"model":{"type":"model","model":"slimefun:slimefun/basic_machines/advanced_industrial_miner"}},{"threshold":2200247,"model":{"type":"model","model":"slimefun:slimefun/tools/pickaxe_of_the_seeker"}},{"threshold":2200271,"model":{"type":"model","model":"slimefun:slimefun/tools/pickaxe_of_vein_mining"}},{"threshold":2200275,"model":{"type":"model","model":"slimefun:slimefun/tools/soulbound_pickaxe"}},{"threshold":2201300,"model":{"type":"model","model":"fluffymachines:tools/upgraded_explosive_pickaxe"}},{"threshold":2201302,"model":{"type":"model","model":"fluffymachines:tools/paxel"}},{"threshold":2201916,"model":{"type":"model","model":"supreme:weapons/pickaxe/supreme_titanium_pickaxe"}},{"threshold":2201917,"model":{"type":"model","model":"supreme:weapons/pickaxe/supreme_aurum_pickaxe"}},{"threshold":2201918,"model":{"type":"model","model":"supreme:weapons/pickaxe/supreme_adamantium_pickaxe"}},{"threshold":2305006,"model":{"type":"model","model":"minecraft:item/diamond_pickaxe"}},{"threshold":2305032,"model":{"type":"model","model":"minecraft:item/diamond_pickaxe"}},{"threshold":2305033,"model":{"type":"model","model":"item/diamond_pickaxe"}}]},"oversized_in_gui":true}