{"model":{"type":"range_dispatch","property":"custom_model_data","index":0,"fallback":{"type":"minecraft:model","model":"minecraft:item/diamond"},"entries":[{"threshold":2200090,"model":{"type":"model","model":"slimefun:slimefun/resources/valuables/synthetic_diamond"}},{"threshold":2200676,"model":{"type":"model","model":"infinityexpansion:materials/quarry_oscillator_diamond"}},{"threshold":2200678,"model":{"type":"model","model":"infinityexpansion:materials/vein_miner_rune"}},{"threshold":2200680,"model":{"type":"model","model":"infinityexpansion:materials/infinite_machine_circuit"}},{"threshold":2201411,"model":{"type":"model","model":"bump:magical_items/make"}},{"threshold":2201413,"model":{"type":"model","model":"bump:magical_items/cpu"}},{"threshold":2305081,"model":{"type":"model","model":"infinityexpansion2:materials/infinity_machine_circuit"}},{"threshold":2305121,"model":{"type":"model","model":"infinityexpansion2:tools/vein_miner_rune"}},{"threshold":2305132,"model":{"type":"model","model":"infinityexpansion2:tools/oscillator_diamond"}},{"threshold":2305133,"model":{"type":"model","model":"item/diamond"}}]},"oversized_in_gui":true}