{"model":{"type":"range_dispatch","property":"custom_model_data","index":0,"fallback":{"type":"minecraft:model","model":"minecraft:block/dispenser"},"entries":[{"threshold":2200026,"model":{"type":"model","model":"slimefun:slimefun/basic_machines/grind_stone"}},{"threshold":2200028,"model":{"type":"model","model":"slimefun:slimefun/basic_machines/ore_crusher"}},{"threshold":2200309,"model":{"type":"model","model":"slimefun:slimefun/basic_machines/block_placer"}},{"threshold":2200337,"model":{"type":"model","model":"slimefun:slimefun/magical_items/ancient_pedestal"}},{"threshold":2200394,"model":{"type":"model","model":"slimefun:slimefun/androids/android_interface_items"}},{"threshold":2200395,"model":{"type":"model","model":"slimefun:slimefun/androids/android_interface_fuel"}},{"threshold":2201293,"model":{"type":"model","model":"fluffymachines:multiblocks/exp_dispenser"}},{"threshold":2201294,"model":{"type":"model","model":"item/dispenser"}}]},"oversized_in_gui":true}