{"model":{"type":"range_dispatch","property":"custom_model_data","index":0,"fallback":{"type":"minecraft:condition","on_false":{"type":"minecraft:model","model":"minecraft:item/elytra"},"on_true":{"type":"minecraft:model","model":"minecraft:item/elytra_broken"},"property":"minecraft:broken"},"entries":[{"threshold":2200422,"model":{"type":"model","on_false":{"type":"minecraft:model","model":"minecraft:item/elytra"},"on_true":{"type":"minecraft:model","model":"minecraft:item/elytra_broken"},"property":"minecraft:broken","model":"slimefun:slimefun/magical_gadgets/elytra/infused_elytra"}},{"threshold":2200423,"model":{"type":"model","on_false":{"type":"minecraft:model","model":"minecraft:item/elytra"},"on_true":{"type":"minecraft:model","model":"minecraft:item/elytra_broken"},"property":"minecraft:broken","model":"slimefun:slimefun/magical_gadgets/elytra/soulbound_elytra"}},{"threshold":2200552,"model":{"type":"model","on_false":{"type":"minecraft:model","model":"minecraft:item/elytra"},"on_true":{"type":"minecraft:model","model":"minecraft:item/elytra_broken"},"property":"minecraft:broken","model":"slimefun:slimefun/magical_armor/bee_armor/elytra/bee_wings"}},{"threshold":2200553,"model":{"type":"model","on_false":{"type":"minecraft:model","model":"minecraft:item/elytra"},"on_true":{"type":"minecraft:model","model":"minecraft:item/elytra_broken"},"property":"minecraft:broken","model":"item/elytra"}}]},"oversized_in_gui":true}