{"model":{"type":"range_dispatch","property":"custom_model_data","index":0,"fallback":{"type":"minecraft:model","model":"minecraft:item/emerald"},"entries":[{"threshold":2200164,"model":{"type":"model","model":"slimefun:slimefun/magical_items/common_talisman"}},{"threshold":2200165,"model":{"type":"model","model":"slimefun:slimefun/talisman1/anvil"}},{"threshold":2200166,"model":{"type":"model","model":"slimefun:slimefun/talisman2/anvil"}},{"threshold":2200167,"model":{"type":"model","model":"slimefun:slimefun/talisman1/miner"}},{"threshold":2200168,"model":{"type":"model","model":"slimefun:slimefun/talisman2/miner"}},{"threshold":2200169,"model":{"type":"model","model":"slimefun:slimefun/talisman1/hunter"}},{"threshold":2200170,"model":{"type":"model","model":"slimefun:slimefun/talisman2/hunter"}},{"threshold":2200171,"model":{"type":"model","model":"slimefun:slimefun/talisman1/lava_walker"}},{"threshold":2200172,"model":{"type":"model","model":"slimefun:slimefun/talisman2/lava_walker"}},{"threshold":2200173,"model":{"type":"model","model":"slimefun:slimefun/talisman1/water_breather"}},{"threshold":2200174,"model":{"type":"model","model":"slimefun:slimefun/talisman2/water_breather"}},{"threshold":2200175,"model":{"type":"model","model":"slimefun:slimefun/talisman1/angel"}},{"threshold":2200176,"model":{"type":"model","model":"slimefun:slimefun/talisman2/angel"}},{"threshold":2200177,"model":{"type":"model","model":"slimefun:slimefun/talisman1/firefighter"}},{"threshold":2200178,"model":{"type":"model","model":"slimefun:slimefun/talisman2/firefighter"}},{"threshold":2200179,"model":{"type":"model","model":"slimefun:slimefun/talisman1/magican"}},{"threshold":2200180,"model":{"type":"model","model":"slimefun:slimefun/talisman2/magican"}},{"threshold":2200181,"model":{"type":"model","model":"slimefun:slimefun/talisman1/traveller"}},{"threshold":2200182,"model":{"type":"model","model":"slimefun:slimefun/talisman2/traveller"}},{"threshold":2200183,"model":{"type":"model","model":"slimefun:slimefun/talisman1/warrior"}},{"threshold":2200184,"model":{"type":"model","model":"slimefun:slimefun/talisman2/warrior"}},{"threshold":2200185,"model":{"type":"model","model":"slimefun:slimefun/talisman1/knight"}},{"threshold":2200186,"model":{"type":"model","model":"slimefun:slimefun/talisman2/knight"}},{"threshold":2200188,"model":{"type":"model","model":"slimefun:slimefun/resources/valuables/synthetic_emerald"}},{"threshold":2200193,"model":{"type":"model","model":"slimefun:slimefun/talisman1/whirlwind"}},{"threshold":2200194,"model":{"type":"model","model":"slimefun:slimefun/talisman2/whirlwind"}},{"threshold":2200195,"model":{"type":"model","model":"slimefun:slimefun/talisman1/wizard"}},{"threshold":2200196,"model":{"type":"model","model":"slimefun:slimefun/talisman2/wizard"}},{"threshold":2200529,"model":{"type":"model","model":"slimefun:slimefun/talisman1/caveman"}},{"threshold":2200530,"model":{"type":"model","model":"slimefun:slimefun/talisman2/caveman"}},{"threshold":2200531,"model":{"type":"model","model":"slimefun:slimefun/talisman1/wise"}},{"threshold":2200532,"model":{"type":"model","model":"slimefun:slimefun/talisman2/wise"}},{"threshold":2200533,"model":{"type":"model","model":"slimefun:slimefun/talisman2/0_default"}},{"threshold":2200545,"model":{"type":"model","model":"slimefun:slimefun/talisman1/farmer"}},{"threshold":2200546,"model":{"type":"model","model":"slimefun:slimefun/talisman2/farmer"}},{"threshold":2200675,"model":{"type":"model","model":"infinityexpansion:materials/quarry_oscillator_emerald"}},{"threshold":2305135,"model":{"type":"model","model":"infinityexpansion2:tools/oscillator_emerald"}},{"threshold":2305136,"model":{"type":"model","model":"item/emerald"}}]},"oversized_in_gui":true}