{"model":{"type":"range_dispatch","property":"custom_model_data","index":0,"fallback":{"type":"minecraft:model","model":"minecraft:item/enchanted_book"},"entries":[{"threshold":2200001,"model":{"type":"select","property":"display_context","cases":[{"model":{"type":"model","model":"slimefun:ia_auto_gen/_ui_wiki_icon"},"when":["gui","ground","fixed"]}],"fallback":{"type":"model","model":"slimefun:slimefun/gui/slimefun_guide"}}},{"threshold":2200003,"model":{"type":"model","model":"slimefun:slimefun/gui/_ui_back"}},{"threshold":2200313,"model":{"type":"model","model":"slimefun:slimefun/magical_gadgets/tome_of_knowledge_sharing"}},{"threshold":2200604,"model":{"type":"model","model":"infinityexpansion:materials/ender_flame"}},{"threshold":2305000,"model":{"type":"model","model":"minecraft:item/enchanted_book"}},{"threshold":2305120,"model":{"type":"model","model":"infinityexpansion2:tools/ender_flame"}},{"threshold":2305121,"model":{"type":"model","model":"item/enchanted_book"}}]},"oversized_in_gui":true}