{"model":{"type":"range_dispatch","property":"custom_model_data","index":0,"fallback":{"type":"minecraft:model","model":"minecraft:block/enchanting_table"},"entries":[{"threshold":2200338,"model":{"type":"model","model":"slimefun:slimefun/magical_gadgets/ancient_altar"}},{"threshold":2200380,"model":{"type":"model","model":"slimefun:slimefun/energy/auto_enchanter"}},{"threshold":2200381,"model":{"type":"model","model":"slimefun:slimefun/energy/auto_disenchanter"}},{"threshold":2200535,"model":{"type":"model","model":"slimefun:slimefun/energy/auto_enchanter_2"}},{"threshold":2200536,"model":{"type":"model","model":"slimefun:slimefun/energy/auto_disenchanter_2"}},{"threshold":2200683,"model":{"type":"model","model":"infinityexpansion:machines/advanced_enchanter"}},{"threshold":2200684,"model":{"type":"model","model":"infinityexpansion:machines/advanced_disenchanter"}},{"threshold":2200687,"model":{"type":"model","model":"infinityexpansion:machines/infinity_enchanter"}},{"threshold":2200688,"model":{"type":"model","model":"infinityexpansion:machines/infinity_disenchanter"}},{"threshold":2305108,"model":{"type":"model","model":"infinityexpansion2:sf_expansion/advanced_enchanter"}},{"threshold":2305109,"model":{"type":"model","model":"infinityexpansion2:sf_expansion/infinity_enchanter"}},{"threshold":2305110,"model":{"type":"model","model":"infinityexpansion2:sf_expansion/advanced_disenchanter"}},{"threshold":2305111,"model":{"type":"model","model":"infinityexpansion2:sf_expansion/infinity_disenchanter"}},{"threshold":2305112,"model":{"type":"model","model":"item/enchanting_table"}}]},"oversized_in_gui":true}