{"model":{"type":"range_dispatch","property":"custom_model_data","index":0,"fallback":{"type":"minecraft:model","model":"minecraft:item/fern","tints":[{"type":"minecraft:grass","downfall":1.0,"temperature":0.5}]},"entries":[{"threshold":2203060,"model":{"type":"model","model":"gastronomicon:ingredient/gn_mint","tints":[{"type":"minecraft:grass","downfall":1.0,"temperature":0.5}]}},{"threshold":2203093,"model":{"type":"select","property":"display_context","cases":[{"model":{"type":"model","model":"gastronomicon:ia_auto_gen/gn_fiddleheads_icon"},"when":["gui","ground","fixed"]}],"fallback":{"type":"model","model":"gastronomicon:ingredient/gn_fiddleheads","tints":[{"type":"minecraft:grass","downfall":1.0,"temperature":0.5}]}}},{"threshold":2203094,"model":{"type":"model","model":"item/fern","tints":[{"type":"minecraft:grass","downfall":1.0,"temperature":0.5}]}}]},"oversized_in_gui":true}