{"model":{"type":"range_dispatch","property":"custom_model_data","index":0,"fallback":{"type":"minecraft:model","model":"minecraft:item/firework_star","tints":[{"type":"minecraft:constant","value":-1},{"type":"minecraft:firework","default":-7697782}]},"entries":[{"threshold":2200156,"model":{"type":"model","model":"slimefun:slimefun/resources/valuables/silicon","tints":[{"type":"minecraft:constant","value":-1},{"type":"minecraft:firework","default":-7697782}]}},{"threshold":2200409,"model":{"type":"model","model":"slimefun:slimefun/magical_items/blank_rune","tints":[{"type":"minecraft:constant","value":-1},{"type":"minecraft:firework","default":-7697782}]}},{"threshold":2200410,"model":{"type":"model","model":"slimefun:slimefun/magical_items/ancient_rune_air","tints":[{"type":"minecraft:constant","value":-1},{"type":"minecraft:firework","default":-7697782}]}},{"threshold":2200411,"model":{"type":"model","model":"slimefun:slimefun/magical_items/ancient_rune_earth","tints":[{"type":"minecraft:constant","value":-1},{"type":"minecraft:firework","default":-7697782}]}},{"threshold":2200412,"model":{"type":"model","model":"slimefun:slimefun/magical_items/ancient_rune_fire","tints":[{"type":"minecraft:constant","value":-1},{"type":"minecraft:firework","default":-7697782}]}},{"threshold":2200413,"model":{"type":"model","model":"slimefun:slimefun/magical_items/ancient_rune_water","tints":[{"type":"minecraft:constant","value":-1},{"type":"minecraft:firework","default":-7697782}]}},{"threshold":2200414,"model":{"type":"model","model":"slimefun:slimefun/magical_items/ancient_rune_ender","tints":[{"type":"minecraft:constant","value":-1},{"type":"minecraft:firework","default":-7697782}]}},{"threshold":2200415,"model":{"type":"model","model":"slimefun:slimefun/magical_items/ancient_rune_lightning","tints":[{"type":"minecraft:constant","value":-1},{"type":"minecraft:firework","default":-7697782}]}},{"threshold":2200416,"model":{"type":"model","model":"slimefun:slimefun/magical_items/ancient_rune_rainbow","tints":[{"type":"minecraft:constant","value":-1},{"type":"minecraft:firework","default":-7697782}]}},{"threshold":2200417,"model":{"type":"model","model":"slimefun:slimefun/magical_items/ancient_rune_soulbound","tints":[{"type":"minecraft:constant","value":-1},{"type":"minecraft:firework","default":-7697782}]}},{"threshold":2200418,"model":{"type":"model","model":"slimefun:slimefun/magical_items/ancient_rune_enchantment","tints":[{"type":"minecraft:constant","value":-1},{"type":"minecraft:firework","default":-7697782}]}},{"threshold":2200543,"model":{"type":"model","model":"slimefun:slimefun/magical_items/ancient_rune_villagers","tints":[{"type":"minecraft:constant","value":-1},{"type":"minecraft:firework","default":-7697782}]}},{"threshold":2200802,"model":{"type":"model","model":"slimy_tree_taps:materials/rubber","tints":[{"type":"minecraft:constant","value":-1},{"type":"minecraft:firework","default":-7697782}]}},{"threshold":2201315,"model":{"type":"model","model":"fluffymachines:misc/fireproof_rune","tints":[{"type":"minecraft:constant","value":-1},{"type":"minecraft:firework","default":-7697782}]}},{"threshold":2201316,"model":{"type":"model","model":"item/firework_star","tints":[{"type":"minecraft:constant","value":-1},{"type":"minecraft:firework","default":-7697782}]}}]},"oversized_in_gui":true}