{"model":{"type":"range_dispatch","property":"custom_model_data","index":0,"fallback":{"type":"minecraft:model","model":"minecraft:block/furnace"},"entries":[{"threshold":2200057,"model":{"type":"model","model":"slimefun:slimefun/basic_machines/smeltery"}},{"threshold":2200292,"model":{"type":"model","model":"slimefun:slimefun/basic_machines/enhanced_furnace"}},{"threshold":2200293,"model":{"type":"model","model":"slimefun:slimefun/basic_machines/enhanced_furnace_2"}},{"threshold":2200294,"model":{"type":"model","model":"slimefun:slimefun/basic_machines/enhanced_furnace_3"}},{"threshold":2200295,"model":{"type":"model","model":"slimefun:slimefun/basic_machines/enhanced_furnace_4"}},{"threshold":2200296,"model":{"type":"model","model":"slimefun:slimefun/basic_machines/enhanced_furnace_5"}},{"threshold":2200297,"model":{"type":"model","model":"slimefun:slimefun/basic_machines/enhanced_furnace_6"}},{"threshold":2200298,"model":{"type":"model","model":"slimefun:slimefun/basic_machines/enhanced_furnace_7"}},{"threshold":2200299,"model":{"type":"model","model":"slimefun:slimefun/basic_machines/enhanced_furnace_8"}},{"threshold":2200300,"model":{"type":"model","model":"slimefun:slimefun/basic_machines/enhanced_furnace_9"}},{"threshold":2200301,"model":{"type":"model","model":"slimefun:slimefun/basic_machines/enhanced_furnace_10"}},{"threshold":2200302,"model":{"type":"model","model":"slimefun:slimefun/basic_machines/enhanced_furnace_11"}},{"threshold":2200303,"model":{"type":"model","model":"slimefun:slimefun/basic_machines/reinforced_furnace"}},{"threshold":2200304,"model":{"type":"model","model":"slimefun:slimefun/basic_machines/carbonado_edged_furnace"}},{"threshold":2200351,"model":{"type":"model","model":"slimefun:slimefun/energy/electric_furnace"}},{"threshold":2200352,"model":{"type":"model","model":"slimefun:slimefun/energy/electric_furnace_2"}},{"threshold":2200353,"model":{"type":"model","model":"slimefun:slimefun/energy/electric_furnace_3"}},{"threshold":2200366,"model":{"type":"model","model":"slimefun:slimefun/energy/electric_ore_grinder"}},{"threshold":2200367,"model":{"type":"model","model":"slimefun:slimefun/energy/electric_ore_grinder_2"}},{"threshold":2200370,"model":{"type":"model","model":"slimefun:slimefun/energy/electric_ingot_pulverizer"}},{"threshold":2200523,"model":{"type":"model","model":"slimefun:slimefun/energy/electric_smeltery"}},{"threshold":2200524,"model":{"type":"model","model":"slimefun:slimefun/energy/electric_smeltery_2"}},{"threshold":2200528,"model":{"type":"model","model":"slimefun:slimefun/energy/electric_ore_grinder_3"}},{"threshold":2305031,"model":{"type":"model","model":"minecraft:block/furnace"}},{"threshold":2305115,"model":{"type":"model","model":"minecraft:block/furnace"}},{"threshold":2305116,"model":{"type":"model","model":"minecraft:block/furnace"}},{"threshold":2305174,"model":{"type":"model","model":"minecraft:block/furnace"}},{"threshold":2305175,"model":{"type":"model","model":"minecraft:block/furnace"}},{"threshold":2305176,"model":{"type":"model","model":"minecraft:block/furnace"}},{"threshold":2305177,"model":{"type":"model","model":"minecraft:block/furnace"}},{"threshold":2305178,"model":{"type":"model","model":"item/furnace"}}]},"oversized_in_gui":true}