{"model":{"type":"range_dispatch","property":"custom_model_data","index":0,"fallback":{"type":"minecraft:model","model":"minecraft:item/glowstone_dust"},"entries":[{"threshold":230515,"model":{"type":"model","model":"infinityexpansion2:icons/ui_energy_production"}},{"threshold":2200097,"model":{"type":"model","model":"slimefun:slimefun/resources/dusts/gold_dust"}},{"threshold":2200098,"model":{"type":"model","model":"slimefun:slimefun/resources/dusts/copper_dust"}},{"threshold":2200112,"model":{"type":"model","model":"slimefun:slimefun/resources/valuables/sulfate"}},{"threshold":2201545,"model":{"type":"model","model":"supreme:components/supreme_thornium_dust_synthetic"}},{"threshold":2203141,"model":{"type":"model","model":"gastronomicon:food/gn_miso"}},{"threshold":2203144,"model":{"type":"model","model":"gastronomicon:food/gn_turmeric_powder"}},{"threshold":2203145,"model":{"type":"model","model":"item/glowstone_dust"}}]},"oversized_in_gui":true}