{"model":{"type":"range_dispatch","property":"custom_model_data","index":0,"fallback":{"type":"minecraft:model","model":"minecraft:item/gold_nugget"},"entries":[{"threshold":230517,"model":{"type":"model","model":"minecraft:item/gold_nugget"}},{"threshold":2200030,"model":{"type":"model","model":"slimefun:slimefun/magical_items/magic_lump_1"}},{"threshold":2200031,"model":{"type":"model","model":"slimefun:slimefun/magical_items/magic_lump_2"}},{"threshold":2200032,"model":{"type":"model","model":"slimefun:slimefun/magical_items/magic_lump_3"}},{"threshold":2200033,"model":{"type":"model","model":"slimefun:slimefun/magical_items/ender_lump_1"}},{"threshold":2200034,"model":{"type":"model","model":"slimefun:slimefun/magical_items/ender_lump_2"}},{"threshold":2200035,"model":{"type":"model","model":"slimefun:slimefun/magical_items/ender_lump_3"}},{"threshold":2201410,"model":{"type":"model","model":"bump:magical_items/old_coin"}},{"threshold":2201544,"model":{"type":"model","model":"supreme:components/supreme_thornium_bit_synthetic"}},{"threshold":2301030,"model":{"type":"model","model":"slimetinker:materials/nuggets/nugget_cast_alu_bronze"}},{"threshold":2301034,"model":{"type":"model","model":"slimetinker:materials/nuggets/nugget_cast_cor_bronze"}},{"threshold":2301040,"model":{"type":"model","model":"slimetinker:materials/nuggets/nugget_cast_brass"}},{"threshold":2301042,"model":{"type":"model","model":"slimetinker:materials/nuggets/nugget_cast_alu_brass"}},{"threshold":2301072,"model":{"type":"model","model":"slimetinker:materials/nuggets/nugget_cast_nice"}},{"threshold":2301078,"model":{"type":"model","model":"slimetinker:materials/nuggets/nugget_cast_anniversarium"}},{"threshold":2301079,"model":{"type":"model","model":"item/gold_nugget"}}]},"oversized_in_gui":true}