{"model":{"type":"range_dispatch","property":"custom_model_data","index":0,"fallback":{"type":"minecraft:model","model":"minecraft:item/gold_ingot"},"entries":[{"threshold":230518,"model":{"type":"model","model":"minecraft:item/gold_ingot"}},{"threshold":2200084,"model":{"type":"model","model":"slimefun:slimefun/resources/ingots/brass_ingot"}},{"threshold":2200085,"model":{"type":"model","model":"slimefun:slimefun/resources/ingots/aluminum_brass_ingot"}},{"threshold":2200086,"model":{"type":"model","model":"slimefun:slimefun/resources/ingots/aluminum_bronze_ingot"}},{"threshold":2200087,"model":{"type":"model","model":"slimefun:slimefun/resources/ingots/corinthian_bronze_ingot"}},{"threshold":2200144,"model":{"type":"model","model":"slimefun:slimefun/resources/gold_ingots/gold_24k"}},{"threshold":2200145,"model":{"type":"model","model":"slimefun:slimefun/resources/gold_ingots/gold_22k"}},{"threshold":2200146,"model":{"type":"model","model":"slimefun:slimefun/resources/gold_ingots/gold_20k"}},{"threshold":2200147,"model":{"type":"model","model":"slimefun:slimefun/resources/gold_ingots/gold_18k"}},{"threshold":2200148,"model":{"type":"model","model":"slimefun:slimefun/resources/gold_ingots/gold_16k"}},{"threshold":2200149,"model":{"type":"model","model":"slimefun:slimefun/resources/gold_ingots/gold_14k"}},{"threshold":2200150,"model":{"type":"model","model":"slimefun:slimefun/resources/gold_ingots/gold_12k"}},{"threshold":2200151,"model":{"type":"model","model":"slimefun:slimefun/resources/gold_ingots/gold_10k"}},{"threshold":2200152,"model":{"type":"model","model":"slimefun:slimefun/resources/gold_ingots/gold_8k"}},{"threshold":2200153,"model":{"type":"model","model":"slimefun:slimefun/resources/gold_ingots/gold_6k"}},{"threshold":2200154,"model":{"type":"model","model":"slimefun:slimefun/resources/gold_ingots/gold_4k"}},{"threshold":2200187,"model":{"type":"model","model":"slimefun:slimefun/resources/ingots/gilded_iron"}},{"threshold":2200466,"model":{"type":"model","model":"slimefun:slimefun/resources/radioactive_materials/blistering_ingot"}},{"threshold":2200467,"model":{"type":"model","model":"slimefun:slimefun/resources/radioactive_materials/blistering_ingot_2"}},{"threshold":2200468,"model":{"type":"model","model":"slimefun:slimefun/resources/radioactive_materials/blistering_ingot_3"}},{"threshold":2200608,"model":{"type":"model","model":"infinityexpansion:materials/machine_circuit"}},{"threshold":2201288,"model":{"type":"model","model":"fluffymachines:portable_chargers/big_portable_charger"}},{"threshold":2201528,"model":{"type":"model","model":"supreme:components/supreme_alloy_aurum"}},{"threshold":2201529,"model":{"type":"model","model":"supreme:components/supreme_alloy_manganese"}},{"threshold":2201530,"model":{"type":"model","model":"supreme:components/supreme_alloy_platinum"}},{"threshold":2201546,"model":{"type":"model","model":"supreme:components/supreme_thornium_ingot_synthetic"}},{"threshold":2301073,"model":{"type":"model","model":"slimetinker:materials/ingots/ingot_cast_nice"}},{"threshold":2301079,"model":{"type":"model","model":"slimetinker:materials/ingots/ingot_cast_anniversarium"}},{"threshold":2305077,"model":{"type":"model","model":"infinityexpansion2:materials/machine_circuit"}},{"threshold":2305137,"model":{"type":"model","model":"infinityexpansion2:tools/oscillator_gold"}},{"threshold":2305138,"model":{"type":"model","model":"item/gold_ingot"}}]},"oversized_in_gui":true}