{"model":{"type":"range_dispatch","property":"custom_model_data","index":0,"fallback":{"type":"minecraft:model","model":"minecraft:item/golden_sword"},"entries":[{"threshold":2200237,"model":{"type":"model","model":"slimefun:slimefun/weapons/blade_of_vampires"}},{"threshold":2201249,"model":{"type":"model","model":"extra_gear:swords/gilded_iron_sword"}},{"threshold":2201427,"model":{"type":"model","model":"bump:magical_weapons/guard_sword"}},{"threshold":2201430,"model":{"type":"model","model":"bump:magical_weapons/sky_sword"}},{"threshold":2201431,"model":{"type":"model","model":"item/golden_sword"}}]},"oversized_in_gui":true}