{"model":{"type":"range_dispatch","property":"custom_model_data","index":0,"fallback":{"type":"minecraft:model","model":"minecraft:item/gunpowder"},"entries":[{"threshold":2200055,"model":{"type":"model","model":"slimefun:slimefun/miscellaneous/sifted_ore"}},{"threshold":2200096,"model":{"type":"model","model":"slimefun:slimefun/resources/dusts/iron_dust"}},{"threshold":2200100,"model":{"type":"model","model":"slimefun:slimefun/resources/dusts/lead_dust"}},{"threshold":2200211,"model":{"type":"model","model":"slimefun:slimefun/miscellaneous/crushed_ore"}},{"threshold":2200212,"model":{"type":"model","model":"slimefun:slimefun/miscellaneous/pulverized_ore"}},{"threshold":2200213,"model":{"type":"model","model":"slimefun:slimefun/miscellaneous/pure_ore_cluster"}},{"threshold":2200260,"model":{"type":"model","model":"slimefun:slimefun/magical_items/essence_of_afterlife"}},{"threshold":2200618,"model":{"type":"model","model":"infinityexpansion:materials/void_dust"}},{"threshold":2201542,"model":{"type":"model","model":"supreme:components/supreme_thornium_dust"}},{"threshold":2202046,"model":{"type":"model","model":"slimefunwarfare:explosives/arsenic"}},{"threshold":2305072,"model":{"type":"model","model":"infinityexpansion2:materials/void_dust"}},{"threshold":2305073,"model":{"type":"model","model":"item/gunpowder"}}]},"oversized_in_gui":true}