{"model":{"type":"range_dispatch","property":"custom_model_data","index":0,"fallback":{"type":"minecraft:model","model":"minecraft:item/iron_sword"},"entries":[{"threshold":2200048,"model":{"type":"model","model":"slimefun:slimefun/weapons/sword_of_beheading"}},{"threshold":2201237,"model":{"type":"model","model":"extra_gear:swords/aluminum_brass_sword"}},{"threshold":2201238,"model":{"type":"model","model":"extra_gear:swords/aluminum_bronze_sword"}},{"threshold":2201239,"model":{"type":"model","model":"extra_gear:swords/aluminum_sword"}},{"threshold":2201240,"model":{"type":"model","model":"extra_gear:swords/billon_sword"}},{"threshold":2201241,"model":{"type":"model","model":"extra_gear:swords/brass_sword"}},{"threshold":2201242,"model":{"type":"model","model":"extra_gear:swords/bronze_sword"}},{"threshold":2201243,"model":{"type":"model","model":"extra_gear:swords/cobalt_sword"}},{"threshold":2201244,"model":{"type":"model","model":"extra_gear:swords/copper_sword"}},{"threshold":2201245,"model":{"type":"model","model":"extra_gear:swords/corinthian_bronze_sword"}},{"threshold":2201246,"model":{"type":"model","model":"extra_gear:swords/damascus_steel_sword"}},{"threshold":2201247,"model":{"type":"model","model":"extra_gear:swords/duralumin_sword"}},{"threshold":2201248,"model":{"type":"model","model":"extra_gear:swords/ferrosilicon_sword"}},{"threshold":2201250,"model":{"type":"model","model":"extra_gear:swords/hardened_sword"}},{"threshold":2201251,"model":{"type":"model","model":"extra_gear:swords/lead_sword"}},{"threshold":2201252,"model":{"type":"model","model":"extra_gear:swords/magnesium_sword"}},{"threshold":2201253,"model":{"type":"model","model":"extra_gear:swords/nickel_sword"}},{"threshold":2201254,"model":{"type":"model","model":"extra_gear:swords/reinforced_sword"}},{"threshold":2201255,"model":{"type":"model","model":"extra_gear:swords/silver_sword"}},{"threshold":2201256,"model":{"type":"model","model":"extra_gear:swords/solder_sword"}},{"threshold":2201257,"model":{"type":"model","model":"extra_gear:swords/steel_sword"}},{"threshold":2201258,"model":{"type":"model","model":"extra_gear:swords/tin_sword"}},{"threshold":2201259,"model":{"type":"model","model":"extra_gear:swords/zinc_sword"}},{"threshold":2201429,"model":{"type":"model","model":"bump:magical_weapons/soul_sword"}},{"threshold":2201431,"model":{"type":"model","model":"bump:magical_weapons/devil_sword"}},{"threshold":2202016,"model":{"type":"model","model":"slimefunwarfare:melee_weapons/osmium_sword"}},{"threshold":2203002,"model":{"type":"model","model":"gastronomicon:tools/gn_kitchen_knife"}},{"threshold":2203003,"model":{"type":"model","model":"item/iron_sword"}}]},"oversized_in_gui":true}