{"model":{"type":"range_dispatch","property":"custom_model_data","index":0,"fallback":{"type":"minecraft:model","model":"minecraft:item/iron_pickaxe"},"entries":[{"threshold":2200230,"model":{"type":"model","model":"slimefun:slimefun/tools/pickaxe_of_containment"}},{"threshold":2200231,"model":{"type":"model","model":"slimefun:slimefun/tools/hercules_pickaxe"}},{"threshold":2200258,"model":{"type":"model","model":"slimefun:slimefun/tools/cobalt_pickaxe"}},{"threshold":2200547,"model":{"type":"model","model":"slimefun:slimefun/tools/climbing_pick"}},{"threshold":2200548,"model":{"type":"model","model":"item/iron_pickaxe"}}]},"oversized_in_gui":true}