{"model":{"type":"range_dispatch","property":"custom_model_data","index":0,"fallback":{"type":"minecraft:model","model":"minecraft:item/iron_nugget"},"entries":[{"threshold":2200617,"model":{"type":"model","model":"infinityexpansion:materials/void_bit"}},{"threshold":2201541,"model":{"type":"model","model":"supreme:components/supreme_thornium_bit"}},{"threshold":2301010,"model":{"type":"model","model":"slimetinker:materials/nuggets/nugget_cast_lead"}},{"threshold":2301012,"model":{"type":"model","model":"slimetinker:materials/nuggets/nugget_cast_silver"}},{"threshold":2301014,"model":{"type":"model","model":"slimetinker:materials/nuggets/nugget_cast_aluminum"}},{"threshold":2301016,"model":{"type":"model","model":"slimetinker:materials/nuggets/nugget_cast_magnesium"}},{"threshold":2301018,"model":{"type":"model","model":"slimetinker:materials/nuggets/nugget_cast_zinc"}},{"threshold":2301020,"model":{"type":"model","model":"slimetinker:materials/nuggets/nugget_cast_tin"}},{"threshold":2301022,"model":{"type":"model","model":"slimetinker:materials/nuggets/nugget_cast_steel"}},{"threshold":2301024,"model":{"type":"model","model":"slimetinker:materials/nuggets/nugget_cast_damascus_steel"}},{"threshold":2301026,"model":{"type":"model","model":"slimetinker:materials/nuggets/nugget_cast_duralium"}},{"threshold":2301032,"model":{"type":"model","model":"slimetinker:materials/nuggets/nugget_cast_hard_metal"}},{"threshold":2301036,"model":{"type":"model","model":"slimetinker:materials/nuggets/nugget_cast_solder"}},{"threshold":2301038,"model":{"type":"model","model":"slimetinker:materials/nuggets/nugget_cast_billon"}},{"threshold":2301044,"model":{"type":"model","model":"slimetinker:materials/nuggets/nugget_cast_nickel"}},{"threshold":2301046,"model":{"type":"model","model":"slimetinker:materials/nuggets/nugget_cast_cobalt"}},{"threshold":2301048,"model":{"type":"model","model":"slimetinker:materials/nuggets/nugget_cast_reinforced"}},{"threshold":2301050,"model":{"type":"model","model":"slimetinker:materials/nuggets/nugget_cast_ferrosilicon"}},{"threshold":2301057,"model":{"type":"model","model":"slimetinker:materials/nuggets/nugget_cast_sefirite"}},{"threshold":2301060,"model":{"type":"model","model":"slimetinker:materials/nuggets/nugget_cast_cringleium"}},{"threshold":2301075,"model":{"type":"model","model":"slimetinker:materials/nuggets/nugget_cast_smithium"}},{"threshold":2305071,"model":{"type":"model","model":"infinityexpansion2:materials/void_bit"}},{"threshold":2305072,"model":{"type":"model","model":"item/iron_nugget"}}]},"oversized_in_gui":true}