{"model":{"type":"range_dispatch","property":"custom_model_data","index":0,"fallback":{"type":"minecraft:model","model":"minecraft:item/iron_ingot"},"entries":[{"threshold":2200077,"model":{"type":"model","model":"slimefun:slimefun/resources/ingots/reinforced_alloy_ingot"}},{"threshold":2200078,"model":{"type":"model","model":"slimefun:slimefun/resources/ingots/hardened_metal_ingot"}},{"threshold":2200079,"model":{"type":"model","model":"slimefun:slimefun/resources/ingots/damascus_steel_ingot"}},{"threshold":2200080,"model":{"type":"model","model":"slimefun:slimefun/resources/ingots/steel_ingot"}},{"threshold":2200082,"model":{"type":"model","model":"slimefun:slimefun/resources/ingots/duralumin_ingot"}},{"threshold":2200083,"model":{"type":"model","model":"slimefun:slimefun/resources/ingots/billon_ingot"}},{"threshold":2200088,"model":{"type":"model","model":"slimefun:slimefun/resources/ingots/solder_ingot"}},{"threshold":2200092,"model":{"type":"model","model":"slimefun:slimefun/resources/ingots/nickel_ingot"}},{"threshold":2200093,"model":{"type":"model","model":"slimefun:slimefun/resources/ingots/cobalt_ingot"}},{"threshold":2200095,"model":{"type":"model","model":"slimefun:slimefun/resources/ingots/ferrosilicon"}},{"threshold":2200106,"model":{"type":"model","model":"slimefun:slimefun/resources/ingots/tin_ingot"}},{"threshold":2200107,"model":{"type":"model","model":"slimefun:slimefun/resources/ingots/silver_ingot"}},{"threshold":2200108,"model":{"type":"model","model":"slimefun:slimefun/resources/ingots/lead_ingot"}},{"threshold":2200109,"model":{"type":"model","model":"slimefun:slimefun/resources/ingots/aluminum_ingot"}},{"threshold":2200110,"model":{"type":"model","model":"slimefun:slimefun/resources/ingots/zinc_ingot"}},{"threshold":2200111,"model":{"type":"model","model":"slimefun:slimefun/resources/ingots/magnesium_ingot"}},{"threshold":2200606,"model":{"type":"model","model":"infinityexpansion:materials/infinite_ingot"}},{"threshold":2200615,"model":{"type":"model","model":"infinityexpansion:materials/mythril"}},{"threshold":2200616,"model":{"type":"model","model":"infinityexpansion:materials/titanium"}},{"threshold":2200817,"model":{"type":"model","model":"litexpansion:materials/mag_thor"}},{"threshold":2200818,"model":{"type":"model","model":"litexpansion:materials/mixed_metal_ingot"}},{"threshold":2200821,"model":{"type":"model","model":"litexpansion:materials/refined_iron"}},{"threshold":2201287,"model":{"type":"model","model":"fluffymachines:portable_chargers/medium_portable_charger"}},{"threshold":2201525,"model":{"type":"model","model":"supreme:components/supreme_alloy_zirconium"}},{"threshold":2201526,"model":{"type":"model","model":"supreme:components/supreme_alloy_titanium"}},{"threshold":2201527,"model":{"type":"model","model":"supreme:components/supreme_alloy_iridium"}},{"threshold":2201543,"model":{"type":"model","model":"supreme:components/supreme_thornium_ingot"}},{"threshold":2202003,"model":{"type":"model","model":"slimefunwarfare:resources/slimesteel_ingot"}},{"threshold":2202004,"model":{"type":"model","model":"slimefunwarfare:resources/reinforced_slimesteel_ingot"}},{"threshold":2202017,"model":{"type":"model","model":"slimefunwarfare:general/osmium_superalloy"}},{"threshold":2202062,"model":{"type":"model","model":"slimefunwarfare:resources/osmium_ingot"}},{"threshold":2202066,"model":{"type":"model","model":"slimefunwarfare:resources/lanthanum_ingot"}},{"threshold":2202068,"model":{"type":"model","model":"slimefunwarfare:resources/gadolinium_ingot"}},{"threshold":2202069,"model":{"type":"model","model":"slimefunwarfare:resources/terbium_ingot"}},{"threshold":2202072,"model":{"type":"model","model":"slimefunwarfare:resources/erbium_ingot"}},{"threshold":2202073,"model":{"type":"model","model":"slimefunwarfare:resources/ytterbium_ingot"}},{"threshold":2202074,"model":{"type":"model","model":"slimefunwarfare:general/terfenol_d"}},{"threshold":2301058,"model":{"type":"model","model":"slimetinker:materials/ingots/ingot_cast_sefirite"}},{"threshold":2301061,"model":{"type":"model","model":"slimetinker:materials/ingots/ingot_cast_cringleium"}},{"threshold":2301076,"model":{"type":"model","model":"slimetinker:materials/ingots/ingot_cast_smithium"}},{"threshold":2305067,"model":{"type":"model","model":"infinityexpansion2:materials/titanium"}},{"threshold":2305068,"model":{"type":"model","model":"infinityexpansion2:materials/mythril"}},{"threshold":2305075,"model":{"type":"model","model":"infinityexpansion2:materials/infinity_ingot"}},{"threshold":2305076,"model":{"type":"model","model":"item/iron_ingot"}}]},"oversized_in_gui":true}