{"model":{"type":"range_dispatch","property":"custom_model_data","index":0,"fallback":{"type":"minecraft:model","model":"minecraft:item/iron_hoe"},"entries":[{"threshold":2200805,"model":{"type":"model","model":"slimy_tree_taps:treetap/reinforced_tree_tap"}},{"threshold":2201273,"model":{"type":"model","model":"simpleutils:simple_wrench"}},{"threshold":2201295,"model":{"type":"model","model":"fluffymachines:tools/scythe"}},{"threshold":2203005,"model":{"type":"model","model":"gastronomicon:tools/gn_peeler"}},{"threshold":2203018,"model":{"type":"model","model":"gastronomicon:tools/gn_steel_sickle"}},{"threshold":2203019,"model":{"type":"model","model":"item/iron_hoe"}}]},"oversized_in_gui":true}