{"model":{"type":"range_dispatch","property":"custom_model_data","index":0,"fallback":{"type":"minecraft:model","model":"minecraft:item/iron_bars"},"entries":[{"threshold":2203028,"model":{"type":"model","model":"gastronomicon:electric_machines/gn_fishing_net_i"}},{"threshold":2203029,"model":{"type":"model","model":"gastronomicon:electric_machines/gn_fishing_net_ii"}},{"threshold":2203030,"model":{"type":"model","model":"gastronomicon:electric_machines/gn_fishing_net_iii"}},{"threshold":2305083,"model":{"type":"model","model":"infinityexpansion2:materials/oscillator_frame"}},{"threshold":2305084,"model":{"type":"model","model":"item/iron_bars"}}]},"oversized_in_gui":true}