{"model":{"type":"range_dispatch","property":"custom_model_data","index":0,"fallback":{"type":"minecraft:model","model":"minecraft:block/jungle_leaves","tints":[{"type":"minecraft:constant","value":-12012264}]},"entries":[{"threshold":2300057,"model":{"type":"model","model":"cultivation:products/clt_tarragon","tints":[{"type":"minecraft:constant","value":-12012264}]}},{"threshold":2300058,"model":{"type":"model","model":"item/jungle_leaves","tints":[{"type":"minecraft:constant","value":-12012264}]}}]},"oversized_in_gui":true}