{"model":{"type":"range_dispatch","property":"custom_model_data","index":0,"fallback":{"type":"minecraft:model","model":"minecraft:item/lava_bucket"},"entries":[{"threshold":2204007,"model":{"type":"model","model":"liquid:molten_ancient_debris"}},{"threshold":2204008,"model":{"type":"model","model":"liquid:molten_diamond"}},{"threshold":2204009,"model":{"type":"model","model":"liquid:molten_diamond"}},{"threshold":2204010,"model":{"type":"model","model":"liquid:molten_emerald"}},{"threshold":2204011,"model":{"type":"model","model":"liquid:molten_emerald"}},{"threshold":2204012,"model":{"type":"model","model":"liquid:molten_gold"}},{"threshold":2204013,"model":{"type":"model","model":"liquid:molten_gold"}},{"threshold":2204014,"model":{"type":"model","model":"liquid:molten_iron"}},{"threshold":2204015,"model":{"type":"model","model":"liquid:molten_iron"}},{"threshold":2204016,"model":{"type":"model","model":"liquid:molten_lapis_lazuli"}},{"threshold":2204017,"model":{"type":"model","model":"liquid:molten_lapis_lazuli"}},{"threshold":2204018,"model":{"type":"model","model":"liquid:molten_netherite"}},{"threshold":2204019,"model":{"type":"model","model":"liquid:molten_redstone_alloy"}},{"threshold":2204020,"model":{"type":"model","model":"liquid:molten_redstone_alloy"}},{"threshold":2204021,"model":{"type":"model","model":"liquid:molten_aluminum"}},{"threshold":2204022,"model":{"type":"model","model":"liquid:molten_aluminum_brass"}},{"threshold":2204023,"model":{"type":"model","model":"liquid:molten_aluminum_bronze"}},{"threshold":2204024,"model":{"type":"model","model":"liquid:molten_billon"}},{"threshold":2204025,"model":{"type":"model","model":"liquid:molten_uranium"}},{"threshold":2204026,"model":{"type":"model","model":"liquid:molten_brass"}},{"threshold":2204027,"model":{"type":"model","model":"liquid:molten_bronze"}},{"threshold":2204028,"model":{"type":"model","model":"liquid:molten_steel"}},{"threshold":2204029,"model":{"type":"model","model":"liquid:molten_cobalt"}},{"threshold":2204030,"model":{"type":"model","model":"liquid:molten_copper"}},{"threshold":2204031,"model":{"type":"model","model":"liquid:molten_corinthian_bronze"}},{"threshold":2204032,"model":{"type":"model","model":"liquid:molten_damascus_steel"}},{"threshold":2204033,"model":{"type":"model","model":"liquid:molten_duralumin"}},{"threshold":2204034,"model":{"type":"model","model":"liquid:molten_ferrosilicon"}},{"threshold":2204035,"model":{"type":"model","model":"liquid:molten_gilded_iron"}},{"threshold":2204036,"model":{"type":"model","model":"liquid:molten_gold_4k"}},{"threshold":2204037,"model":{"type":"model","model":"liquid:molten_gold_6k"}},{"threshold":2204038,"model":{"type":"model","model":"liquid:molten_gold_8k"}},{"threshold":2204039,"model":{"type":"model","model":"liquid:molten_gold_10k"}},{"threshold":2204040,"model":{"type":"model","model":"liquid:molten_gold_12k"}},{"threshold":2204041,"model":{"type":"model","model":"liquid:molten_gold_14k"}},{"threshold":2204042,"model":{"type":"model","model":"liquid:molten_gold_16k"}},{"threshold":2204043,"model":{"type":"model","model":"liquid:molten_gold_18k"}},{"threshold":2204044,"model":{"type":"model","model":"liquid:molten_gold_20k"}},{"threshold":2204045,"model":{"type":"model","model":"liquid:molten_gold_22k"}},{"threshold":2204046,"model":{"type":"model","model":"liquid:molten_gold_24k"}},{"threshold":2204047,"model":{"type":"model","model":"liquid:molten_hardened_metal"}},{"threshold":2204048,"model":{"type":"model","model":"liquid:molten_lead"}},{"threshold":2204049,"model":{"type":"model","model":"liquid:molten_magnesium"}},{"threshold":2204050,"model":{"type":"model","model":"liquid:molten_magnesium_salt"}},{"threshold":2204051,"model":{"type":"model","model":"liquid:molten_magnet"}},{"threshold":2204052,"model":{"type":"model","model":"liquid:molten_steel"}},{"threshold":2204053,"model":{"type":"model","model":"liquid:molten_nickel"}},{"threshold":2204054,"model":{"type":"model","model":"liquid:molten_plutonium"}},{"threshold":2204055,"model":{"type":"model","model":"liquid:molten_redstone_alloy"}},{"threshold":2204056,"model":{"type":"model","model":"liquid:molten_reinforced_alloy"}},{"threshold":2204057,"model":{"type":"model","model":"liquid:molten_salt"}},{"threshold":2204058,"model":{"type":"model","model":"liquid:molten_silicon"}},{"threshold":2204059,"model":{"type":"model","model":"liquid:molten_silver"}},{"threshold":2204060,"model":{"type":"model","model":"liquid:molten_slag"}},{"threshold":2204061,"model":{"type":"model","model":"liquid:molten_solder"}},{"threshold":2204062,"model":{"type":"model","model":"liquid:molten_steel"}},{"threshold":2204063,"model":{"type":"model","model":"liquid:molten_sulfate"}},{"threshold":2204064,"model":{"type":"model","model":"liquid:molten_tin"}},{"threshold":2204065,"model":{"type":"model","model":"liquid:molten_uranium"}},{"threshold":2204066,"model":{"type":"model","model":"liquid:molten_zinc"}},{"threshold":2204067,"model":{"type":"model","model":"item/lava_bucket"}}]},"oversized_in_gui":true}