{"model":{"type":"range_dispatch","property":"custom_model_data","index":0,"fallback":{"type":"model","cases":[{"model":{"type":"minecraft:model","model":"minecraft:item/leather_leggings_quartz_trim","tints":[{"type":"minecraft:dye","default":-6265536}]},"when":"minecraft:quartz"},{"model":{"type":"minecraft:model","model":"minecraft:item/leather_leggings_iron_trim","tints":[{"type":"minecraft:dye","default":-6265536}]},"when":"minecraft:iron"},{"model":{"type":"minecraft:model","model":"minecraft:item/leather_leggings_netherite_trim","tints":[{"type":"minecraft:dye","default":-6265536}]},"when":"minecraft:netherite"},{"model":{"type":"minecraft:model","model":"minecraft:item/leather_leggings_redstone_trim","tints":[{"type":"minecraft:dye","default":-6265536}]},"when":"minecraft:redstone"},{"model":{"type":"minecraft:model","model":"minecraft:item/leather_leggings_copper_trim","tints":[{"type":"minecraft:dye","default":-6265536}]},"when":"minecraft:copper"},{"model":{"type":"minecraft:model","model":"minecraft:item/leather_leggings_gold_trim","tints":[{"type":"minecraft:dye","default":-6265536}]},"when":"minecraft:gold"},{"model":{"type":"minecraft:model","model":"minecraft:item/leather_leggings_emerald_trim","tints":[{"type":"minecraft:dye","default":-6265536}]},"when":"minecraft:emerald"},{"model":{"type":"minecraft:model","model":"minecraft:item/leather_leggings_diamond_trim","tints":[{"type":"minecraft:dye","default":-6265536}]},"when":"minecraft:diamond"},{"model":{"type":"minecraft:model","model":"minecraft:item/leather_leggings_lapis_trim","tints":[{"type":"minecraft:dye","default":-6265536}]},"when":"minecraft:lapis"},{"model":{"type":"minecraft:model","model":"minecraft:item/leather_leggings_amethyst_trim","tints":[{"type":"minecraft:dye","default":-6265536}]},"when":"minecraft:amethyst"},{"model":{"type":"minecraft:model","model":"minecraft:item/leather_leggings_resin_trim","tints":[{"type":"minecraft:dye","default":-6265536}]},"when":"minecraft:resin"}],"fallback":{"type":"minecraft:model","model":"minecraft:item/leather_leggings","tints":[{"type":"minecraft:dye","default":-6265536}]},"property":"minecraft:trim_material","model":"item/leather_leggings","tints":[{"type":"dye","default":-6265536}]},"entries":[{"threshold":2200039,"model":{"type":"model","cases":[{"model":{"type":"minecraft:model","model":"minecraft:item/leather_leggings_quartz_trim","tints":[{"type":"minecraft:dye","default":-6265536}]},"when":"minecraft:quartz"},{"model":{"type":"minecraft:model","model":"minecraft:item/leather_leggings_iron_trim","tints":[{"type":"minecraft:dye","default":-6265536}]},"when":"minecraft:iron"},{"model":{"type":"minecraft:model","model":"minecraft:item/leather_leggings_netherite_trim","tints":[{"type":"minecraft:dye","default":-6265536}]},"when":"minecraft:netherite"},{"model":{"type":"minecraft:model","model":"minecraft:item/leather_leggings_redstone_trim","tints":[{"type":"minecraft:dye","default":-6265536}]},"when":"minecraft:redstone"},{"model":{"type":"minecraft:model","model":"minecraft:item/leather_leggings_copper_trim","tints":[{"type":"minecraft:dye","default":-6265536}]},"when":"minecraft:copper"},{"model":{"type":"minecraft:model","model":"minecraft:item/leather_leggings_gold_trim","tints":[{"type":"minecraft:dye","default":-6265536}]},"when":"minecraft:gold"},{"model":{"type":"minecraft:model","model":"minecraft:item/leather_leggings_emerald_trim","tints":[{"type":"minecraft:dye","default":-6265536}]},"when":"minecraft:emerald"},{"model":{"type":"minecraft:model","model":"minecraft:item/leather_leggings_diamond_trim","tints":[{"type":"minecraft:dye","default":-6265536}]},"when":"minecraft:diamond"},{"model":{"type":"minecraft:model","model":"minecraft:item/leather_leggings_lapis_trim","tints":[{"type":"minecraft:dye","default":-6265536}]},"when":"minecraft:lapis"},{"model":{"type":"minecraft:model","model":"minecraft:item/leather_leggings_amethyst_trim","tints":[{"type":"minecraft:dye","default":-6265536}]},"when":"minecraft:amethyst"},{"model":{"type":"minecraft:model","model":"minecraft:item/leather_leggings_resin_trim","tints":[{"type":"minecraft:dye","default":-6265536}]},"when":"minecraft:resin"}],"fallback":{"type":"minecraft:model","model":"minecraft:item/leather_leggings","tints":[{"type":"minecraft:dye","default":-6265536}]},"property":"minecraft:trim_material","model":"slimefun:slimefun/magical_armor/ender_armor/ender_leggings","tints":[{"type":"dye","default":-6265536}]}},{"threshold":2200046,"model":{"type":"model","cases":[{"model":{"type":"minecraft:model","model":"minecraft:item/leather_leggings_quartz_trim","tints":[{"type":"minecraft:dye","default":-6265536}]},"when":"minecraft:quartz"},{"model":{"type":"minecraft:model","model":"minecraft:item/leather_leggings_iron_trim","tints":[{"type":"minecraft:dye","default":-6265536}]},"when":"minecraft:iron"},{"model":{"type":"minecraft:model","model":"minecraft:item/leather_leggings_netherite_trim","tints":[{"type":"minecraft:dye","default":-6265536}]},"when":"minecraft:netherite"},{"model":{"type":"minecraft:model","model":"minecraft:item/leather_leggings_redstone_trim","tints":[{"type":"minecraft:dye","default":-6265536}]},"when":"minecraft:redstone"},{"model":{"type":"minecraft:model","model":"minecraft:item/leather_leggings_copper_trim","tints":[{"type":"minecraft:dye","default":-6265536}]},"when":"minecraft:copper"},{"model":{"type":"minecraft:model","model":"minecraft:item/leather_leggings_gold_trim","tints":[{"type":"minecraft:dye","default":-6265536}]},"when":"minecraft:gold"},{"model":{"type":"minecraft:model","model":"minecraft:item/leather_leggings_emerald_trim","tints":[{"type":"minecraft:dye","default":-6265536}]},"when":"minecraft:emerald"},{"model":{"type":"minecraft:model","model":"minecraft:item/leather_leggings_diamond_trim","tints":[{"type":"minecraft:dye","default":-6265536}]},"when":"minecraft:diamond"},{"model":{"type":"minecraft:model","model":"minecraft:item/leather_leggings_lapis_trim","tints":[{"type":"minecraft:dye","default":-6265536}]},"when":"minecraft:lapis"},{"model":{"type":"minecraft:model","model":"minecraft:item/leather_leggings_amethyst_trim","tints":[{"type":"minecraft:dye","default":-6265536}]},"when":"minecraft:amethyst"},{"model":{"type":"minecraft:model","model":"minecraft:item/leather_leggings_resin_trim","tints":[{"type":"minecraft:dye","default":-6265536}]},"when":"minecraft:resin"}],"fallback":{"type":"minecraft:model","model":"minecraft:item/leather_leggings","tints":[{"type":"minecraft:dye","default":-6265536}]},"property":"minecraft:trim_material","model":"slimefun:slimefun/magical_armor/slime_armor/slime_leggings","tints":[{"type":"dye","default":-6265536}]}},{"threshold":2200063,"model":{"type":"model","cases":[{"model":{"type":"minecraft:model","model":"minecraft:item/leather_leggings_quartz_trim","tints":[{"type":"minecraft:dye","default":-6265536}]},"when":"minecraft:quartz"},{"model":{"type":"minecraft:model","model":"minecraft:item/leather_leggings_iron_trim","tints":[{"type":"minecraft:dye","default":-6265536}]},"when":"minecraft:iron"},{"model":{"type":"minecraft:model","model":"minecraft:item/leather_leggings_netherite_trim","tints":[{"type":"minecraft:dye","default":-6265536}]},"when":"minecraft:netherite"},{"model":{"type":"minecraft:model","model":"minecraft:item/leather_leggings_redstone_trim","tints":[{"type":"minecraft:dye","default":-6265536}]},"when":"minecraft:redstone"},{"model":{"type":"minecraft:model","model":"minecraft:item/leather_leggings_copper_trim","tints":[{"type":"minecraft:dye","default":-6265536}]},"when":"minecraft:copper"},{"model":{"type":"minecraft:model","model":"minecraft:item/leather_leggings_gold_trim","tints":[{"type":"minecraft:dye","default":-6265536}]},"when":"minecraft:gold"},{"model":{"type":"minecraft:model","model":"minecraft:item/leather_leggings_emerald_trim","tints":[{"type":"minecraft:dye","default":-6265536}]},"when":"minecraft:emerald"},{"model":{"type":"minecraft:model","model":"minecraft:item/leather_leggings_diamond_trim","tints":[{"type":"minecraft:dye","default":-6265536}]},"when":"minecraft:diamond"},{"model":{"type":"minecraft:model","model":"minecraft:item/leather_leggings_lapis_trim","tints":[{"type":"minecraft:dye","default":-6265536}]},"when":"minecraft:lapis"},{"model":{"type":"minecraft:model","model":"minecraft:item/leather_leggings_amethyst_trim","tints":[{"type":"minecraft:dye","default":-6265536}]},"when":"minecraft:amethyst"},{"model":{"type":"minecraft:model","model":"minecraft:item/leather_leggings_resin_trim","tints":[{"type":"minecraft:dye","default":-6265536}]},"when":"minecraft:resin"}],"fallback":{"type":"minecraft:model","model":"minecraft:item/leather_leggings","tints":[{"type":"minecraft:dye","default":-6265536}]},"property":"minecraft:trim_material","model":"slimefun:slimefun/magical_armor/glowstone_armor/glowstone_leggings","tints":[{"type":"dye","default":-6265536}]}},{"threshold":2200075,"model":{"type":"model","cases":[{"model":{"type":"minecraft:model","model":"minecraft:item/leather_leggings_quartz_trim","tints":[{"type":"minecraft:dye","default":-6265536}]},"when":"minecraft:quartz"},{"model":{"type":"minecraft:model","model":"minecraft:item/leather_leggings_iron_trim","tints":[{"type":"minecraft:dye","default":-6265536}]},"when":"minecraft:iron"},{"model":{"type":"minecraft:model","model":"minecraft:item/leather_leggings_netherite_trim","tints":[{"type":"minecraft:dye","default":-6265536}]},"when":"minecraft:netherite"},{"model":{"type":"minecraft:model","model":"minecraft:item/leather_leggings_redstone_trim","tints":[{"type":"minecraft:dye","default":-6265536}]},"when":"minecraft:redstone"},{"model":{"type":"minecraft:model","model":"minecraft:item/leather_leggings_copper_trim","tints":[{"type":"minecraft:dye","default":-6265536}]},"when":"minecraft:copper"},{"model":{"type":"minecraft:model","model":"minecraft:item/leather_leggings_gold_trim","tints":[{"type":"minecraft:dye","default":-6265536}]},"when":"minecraft:gold"},{"model":{"type":"minecraft:model","model":"minecraft:item/leather_leggings_emerald_trim","tints":[{"type":"minecraft:dye","default":-6265536}]},"when":"minecraft:emerald"},{"model":{"type":"minecraft:model","model":"minecraft:item/leather_leggings_diamond_trim","tints":[{"type":"minecraft:dye","default":-6265536}]},"when":"minecraft:diamond"},{"model":{"type":"minecraft:model","model":"minecraft:item/leather_leggings_lapis_trim","tints":[{"type":"minecraft:dye","default":-6265536}]},"when":"minecraft:lapis"},{"model":{"type":"minecraft:model","model":"minecraft:item/leather_leggings_amethyst_trim","tints":[{"type":"minecraft:dye","default":-6265536}]},"when":"minecraft:amethyst"},{"model":{"type":"minecraft:model","model":"minecraft:item/leather_leggings_resin_trim","tints":[{"type":"minecraft:dye","default":-6265536}]},"when":"minecraft:resin"}],"fallback":{"type":"minecraft:model","model":"minecraft:item/leather_leggings","tints":[{"type":"minecraft:dye","default":-6265536}]},"property":"minecraft:trim_material","model":"slimefun:slimefun/armor/cactus_armor/cactus_leggings","tints":[{"type":"dye","default":-6265536}]}},{"threshold":2200209,"model":{"type":"model","cases":[{"model":{"type":"minecraft:model","model":"minecraft:item/leather_leggings_quartz_trim","tints":[{"type":"minecraft:dye","default":-6265536}]},"when":"minecraft:quartz"},{"model":{"type":"minecraft:model","model":"minecraft:item/leather_leggings_iron_trim","tints":[{"type":"minecraft:dye","default":-6265536}]},"when":"minecraft:iron"},{"model":{"type":"minecraft:model","model":"minecraft:item/leather_leggings_netherite_trim","tints":[{"type":"minecraft:dye","default":-6265536}]},"when":"minecraft:netherite"},{"model":{"type":"minecraft:model","model":"minecraft:item/leather_leggings_redstone_trim","tints":[{"type":"minecraft:dye","default":-6265536}]},"when":"minecraft:redstone"},{"model":{"type":"minecraft:model","model":"minecraft:item/leather_leggings_copper_trim","tints":[{"type":"minecraft:dye","default":-6265536}]},"when":"minecraft:copper"},{"model":{"type":"minecraft:model","model":"minecraft:item/leather_leggings_gold_trim","tints":[{"type":"minecraft:dye","default":-6265536}]},"when":"minecraft:gold"},{"model":{"type":"minecraft:model","model":"minecraft:item/leather_leggings_emerald_trim","tints":[{"type":"minecraft:dye","default":-6265536}]},"when":"minecraft:emerald"},{"model":{"type":"minecraft:model","model":"minecraft:item/leather_leggings_diamond_trim","tints":[{"type":"minecraft:dye","default":-6265536}]},"when":"minecraft:diamond"},{"model":{"type":"minecraft:model","model":"minecraft:item/leather_leggings_lapis_trim","tints":[{"type":"minecraft:dye","default":-6265536}]},"when":"minecraft:lapis"},{"model":{"type":"minecraft:model","model":"minecraft:item/leather_leggings_amethyst_trim","tints":[{"type":"minecraft:dye","default":-6265536}]},"when":"minecraft:amethyst"},{"model":{"type":"minecraft:model","model":"minecraft:item/leather_leggings_resin_trim","tints":[{"type":"minecraft:dye","default":-6265536}]},"when":"minecraft:resin"}],"fallback":{"type":"minecraft:model","model":"minecraft:item/leather_leggings","tints":[{"type":"minecraft:dye","default":-6265536}]},"property":"minecraft:trim_material","model":"slimefun:slimefun/armor/hazmat_suit/hazmat_leggings","tints":[{"type":"dye","default":-6265536}]}},{"threshold":2200558,"model":{"type":"model","cases":[{"model":{"type":"minecraft:model","model":"minecraft:item/leather_leggings_quartz_trim","tints":[{"type":"minecraft:dye","default":-6265536}]},"when":"minecraft:quartz"},{"model":{"type":"minecraft:model","model":"minecraft:item/leather_leggings_iron_trim","tints":[{"type":"minecraft:dye","default":-6265536}]},"when":"minecraft:iron"},{"model":{"type":"minecraft:model","model":"minecraft:item/leather_leggings_netherite_trim","tints":[{"type":"minecraft:dye","default":-6265536}]},"when":"minecraft:netherite"},{"model":{"type":"minecraft:model","model":"minecraft:item/leather_leggings_redstone_trim","tints":[{"type":"minecraft:dye","default":-6265536}]},"when":"minecraft:redstone"},{"model":{"type":"minecraft:model","model":"minecraft:item/leather_leggings_copper_trim","tints":[{"type":"minecraft:dye","default":-6265536}]},"when":"minecraft:copper"},{"model":{"type":"minecraft:model","model":"minecraft:item/leather_leggings_gold_trim","tints":[{"type":"minecraft:dye","default":-6265536}]},"when":"minecraft:gold"},{"model":{"type":"minecraft:model","model":"minecraft:item/leather_leggings_emerald_trim","tints":[{"type":"minecraft:dye","default":-6265536}]},"when":"minecraft:emerald"},{"model":{"type":"minecraft:model","model":"minecraft:item/leather_leggings_diamond_trim","tints":[{"type":"minecraft:dye","default":-6265536}]},"when":"minecraft:diamond"},{"model":{"type":"minecraft:model","model":"minecraft:item/leather_leggings_lapis_trim","tints":[{"type":"minecraft:dye","default":-6265536}]},"when":"minecraft:lapis"},{"model":{"type":"minecraft:model","model":"minecraft:item/leather_leggings_amethyst_trim","tints":[{"type":"minecraft:dye","default":-6265536}]},"when":"minecraft:amethyst"},{"model":{"type":"minecraft:model","model":"minecraft:item/leather_leggings_resin_trim","tints":[{"type":"minecraft:dye","default":-6265536}]},"when":"minecraft:resin"}],"fallback":{"type":"minecraft:model","model":"minecraft:item/leather_leggings","tints":[{"type":"minecraft:dye","default":-6265536}]},"property":"minecraft:trim_material","model":"slimefun:slimefun/magical_armor/rainbow_armor/rainbow_leggings","tints":[{"type":"dye","default":-6265536}]}},{"threshold":2201212,"model":{"type":"model","cases":[{"model":{"type":"minecraft:model","model":"minecraft:item/leather_leggings_quartz_trim","tints":[{"type":"minecraft:dye","default":-6265536}]},"when":"minecraft:quartz"},{"model":{"type":"minecraft:model","model":"minecraft:item/leather_leggings_iron_trim","tints":[{"type":"minecraft:dye","default":-6265536}]},"when":"minecraft:iron"},{"model":{"type":"minecraft:model","model":"minecraft:item/leather_leggings_netherite_trim","tints":[{"type":"minecraft:dye","default":-6265536}]},"when":"minecraft:netherite"},{"model":{"type":"minecraft:model","model":"minecraft:item/leather_leggings_redstone_trim","tints":[{"type":"minecraft:dye","default":-6265536}]},"when":"minecraft:redstone"},{"model":{"type":"minecraft:model","model":"minecraft:item/leather_leggings_copper_trim","tints":[{"type":"minecraft:dye","default":-6265536}]},"when":"minecraft:copper"},{"model":{"type":"minecraft:model","model":"minecraft:item/leather_leggings_gold_trim","tints":[{"type":"minecraft:dye","default":-6265536}]},"when":"minecraft:gold"},{"model":{"type":"minecraft:model","model":"minecraft:item/leather_leggings_emerald_trim","tints":[{"type":"minecraft:dye","default":-6265536}]},"when":"minecraft:emerald"},{"model":{"type":"minecraft:model","model":"minecraft:item/leather_leggings_diamond_trim","tints":[{"type":"minecraft:dye","default":-6265536}]},"when":"minecraft:diamond"},{"model":{"type":"minecraft:model","model":"minecraft:item/leather_leggings_lapis_trim","tints":[{"type":"minecraft:dye","default":-6265536}]},"when":"minecraft:lapis"},{"model":{"type":"minecraft:model","model":"minecraft:item/leather_leggings_amethyst_trim","tints":[{"type":"minecraft:dye","default":-6265536}]},"when":"minecraft:amethyst"},{"model":{"type":"minecraft:model","model":"minecraft:item/leather_leggings_resin_trim","tints":[{"type":"minecraft:dye","default":-6265536}]},"when":"minecraft:resin"}],"fallback":{"type":"minecraft:model","model":"minecraft:item/leather_leggings","tints":[{"type":"minecraft:dye","default":-6265536}]},"property":"minecraft:trim_material","model":"extra_gear:armor/copper/copper_leggings","tints":[{"type":"dye","default":-6265536}]}},{"threshold":2301147,"model":{"type":"model","cases":[{"model":{"type":"minecraft:model","model":"minecraft:item/leather_leggings_quartz_trim","tints":[{"type":"minecraft:dye","default":-6265536}]},"when":"minecraft:quartz"},{"model":{"type":"minecraft:model","model":"minecraft:item/leather_leggings_iron_trim","tints":[{"type":"minecraft:dye","default":-6265536}]},"when":"minecraft:iron"},{"model":{"type":"minecraft:model","model":"minecraft:item/leather_leggings_netherite_trim","tints":[{"type":"minecraft:dye","default":-6265536}]},"when":"minecraft:netherite"},{"model":{"type":"minecraft:model","model":"minecraft:item/leather_leggings_redstone_trim","tints":[{"type":"minecraft:dye","default":-6265536}]},"when":"minecraft:redstone"},{"model":{"type":"minecraft:model","model":"minecraft:item/leather_leggings_copper_trim","tints":[{"type":"minecraft:dye","default":-6265536}]},"when":"minecraft:copper"},{"model":{"type":"minecraft:model","model":"minecraft:item/leather_leggings_gold_trim","tints":[{"type":"minecraft:dye","default":-6265536}]},"when":"minecraft:gold"},{"model":{"type":"minecraft:model","model":"minecraft:item/leather_leggings_emerald_trim","tints":[{"type":"minecraft:dye","default":-6265536}]},"when":"minecraft:emerald"},{"model":{"type":"minecraft:model","model":"minecraft:item/leather_leggings_diamond_trim","tints":[{"type":"minecraft:dye","default":-6265536}]},"when":"minecraft:diamond"},{"model":{"type":"minecraft:model","model":"minecraft:item/leather_leggings_lapis_trim","tints":[{"type":"minecraft:dye","default":-6265536}]},"when":"minecraft:lapis"},{"model":{"type":"minecraft:model","model":"minecraft:item/leather_leggings_amethyst_trim","tints":[{"type":"minecraft:dye","default":-6265536}]},"when":"minecraft:amethyst"},{"model":{"type":"minecraft:model","model":"minecraft:item/leather_leggings_resin_trim","tints":[{"type":"minecraft:dye","default":-6265536}]},"when":"minecraft:resin"}],"fallback":{"type":"minecraft:model","model":"minecraft:item/leather_leggings","tints":[{"type":"minecraft:dye","default":-6265536}]},"property":"minecraft:trim_material","model":"slimetinker:armour_building_guide/armour_leggings_dummy","tints":[{"type":"dye","default":-6265536}]}},{"threshold":2301148,"model":{"type":"model","cases":[{"model":{"type":"minecraft:model","model":"minecraft:item/leather_leggings_quartz_trim","tints":[{"type":"minecraft:dye","default":-6265536}]},"when":"minecraft:quartz"},{"model":{"type":"minecraft:model","model":"minecraft:item/leather_leggings_iron_trim","tints":[{"type":"minecraft:dye","default":-6265536}]},"when":"minecraft:iron"},{"model":{"type":"minecraft:model","model":"minecraft:item/leather_leggings_netherite_trim","tints":[{"type":"minecraft:dye","default":-6265536}]},"when":"minecraft:netherite"},{"model":{"type":"minecraft:model","model":"minecraft:item/leather_leggings_redstone_trim","tints":[{"type":"minecraft:dye","default":-6265536}]},"when":"minecraft:redstone"},{"model":{"type":"minecraft:model","model":"minecraft:item/leather_leggings_copper_trim","tints":[{"type":"minecraft:dye","default":-6265536}]},"when":"minecraft:copper"},{"model":{"type":"minecraft:model","model":"minecraft:item/leather_leggings_gold_trim","tints":[{"type":"minecraft:dye","default":-6265536}]},"when":"minecraft:gold"},{"model":{"type":"minecraft:model","model":"minecraft:item/leather_leggings_emerald_trim","tints":[{"type":"minecraft:dye","default":-6265536}]},"when":"minecraft:emerald"},{"model":{"type":"minecraft:model","model":"minecraft:item/leather_leggings_diamond_trim","tints":[{"type":"minecraft:dye","default":-6265536}]},"when":"minecraft:diamond"},{"model":{"type":"minecraft:model","model":"minecraft:item/leather_leggings_lapis_trim","tints":[{"type":"minecraft:dye","default":-6265536}]},"when":"minecraft:lapis"},{"model":{"type":"minecraft:model","model":"minecraft:item/leather_leggings_amethyst_trim","tints":[{"type":"minecraft:dye","default":-6265536}]},"when":"minecraft:amethyst"},{"model":{"type":"minecraft:model","model":"minecraft:item/leather_leggings_resin_trim","tints":[{"type":"minecraft:dye","default":-6265536}]},"when":"minecraft:resin"}],"fallback":{"type":"minecraft:model","model":"minecraft:item/leather_leggings","tints":[{"type":"minecraft:dye","default":-6265536}]},"property":"minecraft:trim_material","model":"item/leather_leggings","tints":[{"type":"dye","default":-6265536}]}}]},"oversized_in_gui":true}