{"model":{"type":"range_dispatch","property":"custom_model_data","index":0,"fallback":{"type":"model","cases":[{"model":{"type":"minecraft:model","model":"minecraft:item/leather_boots_quartz_trim","tints":[{"type":"minecraft:dye","default":-6265536}]},"when":"minecraft:quartz"},{"model":{"type":"minecraft:model","model":"minecraft:item/leather_boots_iron_trim","tints":[{"type":"minecraft:dye","default":-6265536}]},"when":"minecraft:iron"},{"model":{"type":"minecraft:model","model":"minecraft:item/leather_boots_netherite_trim","tints":[{"type":"minecraft:dye","default":-6265536}]},"when":"minecraft:netherite"},{"model":{"type":"minecraft:model","model":"minecraft:item/leather_boots_redstone_trim","tints":[{"type":"minecraft:dye","default":-6265536}]},"when":"minecraft:redstone"},{"model":{"type":"minecraft:model","model":"minecraft:item/leather_boots_copper_trim","tints":[{"type":"minecraft:dye","default":-6265536}]},"when":"minecraft:copper"},{"model":{"type":"minecraft:model","model":"minecraft:item/leather_boots_gold_trim","tints":[{"type":"minecraft:dye","default":-6265536}]},"when":"minecraft:gold"},{"model":{"type":"minecraft:model","model":"minecraft:item/leather_boots_emerald_trim","tints":[{"type":"minecraft:dye","default":-6265536}]},"when":"minecraft:emerald"},{"model":{"type":"minecraft:model","model":"minecraft:item/leather_boots_diamond_trim","tints":[{"type":"minecraft:dye","default":-6265536}]},"when":"minecraft:diamond"},{"model":{"type":"minecraft:model","model":"minecraft:item/leather_boots_lapis_trim","tints":[{"type":"minecraft:dye","default":-6265536}]},"when":"minecraft:lapis"},{"model":{"type":"minecraft:model","model":"minecraft:item/leather_boots_amethyst_trim","tints":[{"type":"minecraft:dye","default":-6265536}]},"when":"minecraft:amethyst"},{"model":{"type":"minecraft:model","model":"minecraft:item/leather_boots_resin_trim","tints":[{"type":"minecraft:dye","default":-6265536}]},"when":"minecraft:resin"}],"fallback":{"type":"minecraft:model","model":"minecraft:item/leather_boots","tints":[{"type":"minecraft:dye","default":-6265536}]},"property":"minecraft:trim_material","model":"item/leather_boots","tints":[{"type":"dye","default":-6265536}]},"entries":[{"threshold":2200040,"model":{"type":"model","cases":[{"model":{"type":"minecraft:model","model":"minecraft:item/leather_boots_quartz_trim","tints":[{"type":"minecraft:dye","default":-6265536}]},"when":"minecraft:quartz"},{"model":{"type":"minecraft:model","model":"minecraft:item/leather_boots_iron_trim","tints":[{"type":"minecraft:dye","default":-6265536}]},"when":"minecraft:iron"},{"model":{"type":"minecraft:model","model":"minecraft:item/leather_boots_netherite_trim","tints":[{"type":"minecraft:dye","default":-6265536}]},"when":"minecraft:netherite"},{"model":{"type":"minecraft:model","model":"minecraft:item/leather_boots_redstone_trim","tints":[{"type":"minecraft:dye","default":-6265536}]},"when":"minecraft:redstone"},{"model":{"type":"minecraft:model","model":"minecraft:item/leather_boots_copper_trim","tints":[{"type":"minecraft:dye","default":-6265536}]},"when":"minecraft:copper"},{"model":{"type":"minecraft:model","model":"minecraft:item/leather_boots_gold_trim","tints":[{"type":"minecraft:dye","default":-6265536}]},"when":"minecraft:gold"},{"model":{"type":"minecraft:model","model":"minecraft:item/leather_boots_emerald_trim","tints":[{"type":"minecraft:dye","default":-6265536}]},"when":"minecraft:emerald"},{"model":{"type":"minecraft:model","model":"minecraft:item/leather_boots_diamond_trim","tints":[{"type":"minecraft:dye","default":-6265536}]},"when":"minecraft:diamond"},{"model":{"type":"minecraft:model","model":"minecraft:item/leather_boots_lapis_trim","tints":[{"type":"minecraft:dye","default":-6265536}]},"when":"minecraft:lapis"},{"model":{"type":"minecraft:model","model":"minecraft:item/leather_boots_amethyst_trim","tints":[{"type":"minecraft:dye","default":-6265536}]},"when":"minecraft:amethyst"},{"model":{"type":"minecraft:model","model":"minecraft:item/leather_boots_resin_trim","tints":[{"type":"minecraft:dye","default":-6265536}]},"when":"minecraft:resin"}],"fallback":{"type":"minecraft:model","model":"minecraft:item/leather_boots","tints":[{"type":"minecraft:dye","default":-6265536}]},"property":"minecraft:trim_material","model":"slimefun:slimefun/magical_armor/ender_armor/ender_boots","tints":[{"type":"dye","default":-6265536}]}},{"threshold":2200047,"model":{"type":"model","cases":[{"model":{"type":"minecraft:model","model":"minecraft:item/leather_boots_quartz_trim","tints":[{"type":"minecraft:dye","default":-6265536}]},"when":"minecraft:quartz"},{"model":{"type":"minecraft:model","model":"minecraft:item/leather_boots_iron_trim","tints":[{"type":"minecraft:dye","default":-6265536}]},"when":"minecraft:iron"},{"model":{"type":"minecraft:model","model":"minecraft:item/leather_boots_netherite_trim","tints":[{"type":"minecraft:dye","default":-6265536}]},"when":"minecraft:netherite"},{"model":{"type":"minecraft:model","model":"minecraft:item/leather_boots_redstone_trim","tints":[{"type":"minecraft:dye","default":-6265536}]},"when":"minecraft:redstone"},{"model":{"type":"minecraft:model","model":"minecraft:item/leather_boots_copper_trim","tints":[{"type":"minecraft:dye","default":-6265536}]},"when":"minecraft:copper"},{"model":{"type":"minecraft:model","model":"minecraft:item/leather_boots_gold_trim","tints":[{"type":"minecraft:dye","default":-6265536}]},"when":"minecraft:gold"},{"model":{"type":"minecraft:model","model":"minecraft:item/leather_boots_emerald_trim","tints":[{"type":"minecraft:dye","default":-6265536}]},"when":"minecraft:emerald"},{"model":{"type":"minecraft:model","model":"minecraft:item/leather_boots_diamond_trim","tints":[{"type":"minecraft:dye","default":-6265536}]},"when":"minecraft:diamond"},{"model":{"type":"minecraft:model","model":"minecraft:item/leather_boots_lapis_trim","tints":[{"type":"minecraft:dye","default":-6265536}]},"when":"minecraft:lapis"},{"model":{"type":"minecraft:model","model":"minecraft:item/leather_boots_amethyst_trim","tints":[{"type":"minecraft:dye","default":-6265536}]},"when":"minecraft:amethyst"},{"model":{"type":"minecraft:model","model":"minecraft:item/leather_boots_resin_trim","tints":[{"type":"minecraft:dye","default":-6265536}]},"when":"minecraft:resin"}],"fallback":{"type":"minecraft:model","model":"minecraft:item/leather_boots","tints":[{"type":"minecraft:dye","default":-6265536}]},"property":"minecraft:trim_material","model":"slimefun:slimefun/magical_armor/slime_armor/slime_boots","tints":[{"type":"dye","default":-6265536}]}},{"threshold":2200064,"model":{"type":"model","cases":[{"model":{"type":"minecraft:model","model":"minecraft:item/leather_boots_quartz_trim","tints":[{"type":"minecraft:dye","default":-6265536}]},"when":"minecraft:quartz"},{"model":{"type":"minecraft:model","model":"minecraft:item/leather_boots_iron_trim","tints":[{"type":"minecraft:dye","default":-6265536}]},"when":"minecraft:iron"},{"model":{"type":"minecraft:model","model":"minecraft:item/leather_boots_netherite_trim","tints":[{"type":"minecraft:dye","default":-6265536}]},"when":"minecraft:netherite"},{"model":{"type":"minecraft:model","model":"minecraft:item/leather_boots_redstone_trim","tints":[{"type":"minecraft:dye","default":-6265536}]},"when":"minecraft:redstone"},{"model":{"type":"minecraft:model","model":"minecraft:item/leather_boots_copper_trim","tints":[{"type":"minecraft:dye","default":-6265536}]},"when":"minecraft:copper"},{"model":{"type":"minecraft:model","model":"minecraft:item/leather_boots_gold_trim","tints":[{"type":"minecraft:dye","default":-6265536}]},"when":"minecraft:gold"},{"model":{"type":"minecraft:model","model":"minecraft:item/leather_boots_emerald_trim","tints":[{"type":"minecraft:dye","default":-6265536}]},"when":"minecraft:emerald"},{"model":{"type":"minecraft:model","model":"minecraft:item/leather_boots_diamond_trim","tints":[{"type":"minecraft:dye","default":-6265536}]},"when":"minecraft:diamond"},{"model":{"type":"minecraft:model","model":"minecraft:item/leather_boots_lapis_trim","tints":[{"type":"minecraft:dye","default":-6265536}]},"when":"minecraft:lapis"},{"model":{"type":"minecraft:model","model":"minecraft:item/leather_boots_amethyst_trim","tints":[{"type":"minecraft:dye","default":-6265536}]},"when":"minecraft:amethyst"},{"model":{"type":"minecraft:model","model":"minecraft:item/leather_boots_resin_trim","tints":[{"type":"minecraft:dye","default":-6265536}]},"when":"minecraft:resin"}],"fallback":{"type":"minecraft:model","model":"minecraft:item/leather_boots","tints":[{"type":"minecraft:dye","default":-6265536}]},"property":"minecraft:trim_material","model":"slimefun:slimefun/magical_armor/glowstone_armor/glowstone_boots","tints":[{"type":"dye","default":-6265536}]}},{"threshold":2200076,"model":{"type":"model","cases":[{"model":{"type":"minecraft:model","model":"minecraft:item/leather_boots_quartz_trim","tints":[{"type":"minecraft:dye","default":-6265536}]},"when":"minecraft:quartz"},{"model":{"type":"minecraft:model","model":"minecraft:item/leather_boots_iron_trim","tints":[{"type":"minecraft:dye","default":-6265536}]},"when":"minecraft:iron"},{"model":{"type":"minecraft:model","model":"minecraft:item/leather_boots_netherite_trim","tints":[{"type":"minecraft:dye","default":-6265536}]},"when":"minecraft:netherite"},{"model":{"type":"minecraft:model","model":"minecraft:item/leather_boots_redstone_trim","tints":[{"type":"minecraft:dye","default":-6265536}]},"when":"minecraft:redstone"},{"model":{"type":"minecraft:model","model":"minecraft:item/leather_boots_copper_trim","tints":[{"type":"minecraft:dye","default":-6265536}]},"when":"minecraft:copper"},{"model":{"type":"minecraft:model","model":"minecraft:item/leather_boots_gold_trim","tints":[{"type":"minecraft:dye","default":-6265536}]},"when":"minecraft:gold"},{"model":{"type":"minecraft:model","model":"minecraft:item/leather_boots_emerald_trim","tints":[{"type":"minecraft:dye","default":-6265536}]},"when":"minecraft:emerald"},{"model":{"type":"minecraft:model","model":"minecraft:item/leather_boots_diamond_trim","tints":[{"type":"minecraft:dye","default":-6265536}]},"when":"minecraft:diamond"},{"model":{"type":"minecraft:model","model":"minecraft:item/leather_boots_lapis_trim","tints":[{"type":"minecraft:dye","default":-6265536}]},"when":"minecraft:lapis"},{"model":{"type":"minecraft:model","model":"minecraft:item/leather_boots_amethyst_trim","tints":[{"type":"minecraft:dye","default":-6265536}]},"when":"minecraft:amethyst"},{"model":{"type":"minecraft:model","model":"minecraft:item/leather_boots_resin_trim","tints":[{"type":"minecraft:dye","default":-6265536}]},"when":"minecraft:resin"}],"fallback":{"type":"minecraft:model","model":"minecraft:item/leather_boots","tints":[{"type":"minecraft:dye","default":-6265536}]},"property":"minecraft:trim_material","model":"slimefun:slimefun/armor/cactus_armor/cactus_boots","tints":[{"type":"dye","default":-6265536}]}},{"threshold":2200210,"model":{"type":"model","cases":[{"model":{"type":"minecraft:model","model":"minecraft:item/leather_boots_quartz_trim","tints":[{"type":"minecraft:dye","default":-6265536}]},"when":"minecraft:quartz"},{"model":{"type":"minecraft:model","model":"minecraft:item/leather_boots_iron_trim","tints":[{"type":"minecraft:dye","default":-6265536}]},"when":"minecraft:iron"},{"model":{"type":"minecraft:model","model":"minecraft:item/leather_boots_netherite_trim","tints":[{"type":"minecraft:dye","default":-6265536}]},"when":"minecraft:netherite"},{"model":{"type":"minecraft:model","model":"minecraft:item/leather_boots_redstone_trim","tints":[{"type":"minecraft:dye","default":-6265536}]},"when":"minecraft:redstone"},{"model":{"type":"minecraft:model","model":"minecraft:item/leather_boots_copper_trim","tints":[{"type":"minecraft:dye","default":-6265536}]},"when":"minecraft:copper"},{"model":{"type":"minecraft:model","model":"minecraft:item/leather_boots_gold_trim","tints":[{"type":"minecraft:dye","default":-6265536}]},"when":"minecraft:gold"},{"model":{"type":"minecraft:model","model":"minecraft:item/leather_boots_emerald_trim","tints":[{"type":"minecraft:dye","default":-6265536}]},"when":"minecraft:emerald"},{"model":{"type":"minecraft:model","model":"minecraft:item/leather_boots_diamond_trim","tints":[{"type":"minecraft:dye","default":-6265536}]},"when":"minecraft:diamond"},{"model":{"type":"minecraft:model","model":"minecraft:item/leather_boots_lapis_trim","tints":[{"type":"minecraft:dye","default":-6265536}]},"when":"minecraft:lapis"},{"model":{"type":"minecraft:model","model":"minecraft:item/leather_boots_amethyst_trim","tints":[{"type":"minecraft:dye","default":-6265536}]},"when":"minecraft:amethyst"},{"model":{"type":"minecraft:model","model":"minecraft:item/leather_boots_resin_trim","tints":[{"type":"minecraft:dye","default":-6265536}]},"when":"minecraft:resin"}],"fallback":{"type":"minecraft:model","model":"minecraft:item/leather_boots","tints":[{"type":"minecraft:dye","default":-6265536}]},"property":"minecraft:trim_material","model":"slimefun:slimefun/armor/hazmat_suit/hazmat_boots","tints":[{"type":"dye","default":-6265536}]}},{"threshold":2200240,"model":{"type":"model","cases":[{"model":{"type":"minecraft:model","model":"minecraft:item/leather_boots_quartz_trim","tints":[{"type":"minecraft:dye","default":-6265536}]},"when":"minecraft:quartz"},{"model":{"type":"minecraft:model","model":"minecraft:item/leather_boots_iron_trim","tints":[{"type":"minecraft:dye","default":-6265536}]},"when":"minecraft:iron"},{"model":{"type":"minecraft:model","model":"minecraft:item/leather_boots_netherite_trim","tints":[{"type":"minecraft:dye","default":-6265536}]},"when":"minecraft:netherite"},{"model":{"type":"minecraft:model","model":"minecraft:item/leather_boots_redstone_trim","tints":[{"type":"minecraft:dye","default":-6265536}]},"when":"minecraft:redstone"},{"model":{"type":"minecraft:model","model":"minecraft:item/leather_boots_copper_trim","tints":[{"type":"minecraft:dye","default":-6265536}]},"when":"minecraft:copper"},{"model":{"type":"minecraft:model","model":"minecraft:item/leather_boots_gold_trim","tints":[{"type":"minecraft:dye","default":-6265536}]},"when":"minecraft:gold"},{"model":{"type":"minecraft:model","model":"minecraft:item/leather_boots_emerald_trim","tints":[{"type":"minecraft:dye","default":-6265536}]},"when":"minecraft:emerald"},{"model":{"type":"minecraft:model","model":"minecraft:item/leather_boots_diamond_trim","tints":[{"type":"minecraft:dye","default":-6265536}]},"when":"minecraft:diamond"},{"model":{"type":"minecraft:model","model":"minecraft:item/leather_boots_lapis_trim","tints":[{"type":"minecraft:dye","default":-6265536}]},"when":"minecraft:lapis"},{"model":{"type":"minecraft:model","model":"minecraft:item/leather_boots_amethyst_trim","tints":[{"type":"minecraft:dye","default":-6265536}]},"when":"minecraft:amethyst"},{"model":{"type":"minecraft:model","model":"minecraft:item/leather_boots_resin_trim","tints":[{"type":"minecraft:dye","default":-6265536}]},"when":"minecraft:resin"}],"fallback":{"type":"minecraft:model","model":"minecraft:item/leather_boots","tints":[{"type":"minecraft:dye","default":-6265536}]},"property":"minecraft:trim_material","model":"slimefun:slimefun/magical_armor/farmer_armor/farmer_boots","tints":[{"type":"dye","default":-6265536}]}},{"threshold":2200246,"model":{"type":"model","cases":[{"model":{"type":"minecraft:model","model":"minecraft:item/leather_boots_quartz_trim","tints":[{"type":"minecraft:dye","default":-6265536}]},"when":"minecraft:quartz"},{"model":{"type":"minecraft:model","model":"minecraft:item/leather_boots_iron_trim","tints":[{"type":"minecraft:dye","default":-6265536}]},"when":"minecraft:iron"},{"model":{"type":"minecraft:model","model":"minecraft:item/leather_boots_netherite_trim","tints":[{"type":"minecraft:dye","default":-6265536}]},"when":"minecraft:netherite"},{"model":{"type":"minecraft:model","model":"minecraft:item/leather_boots_redstone_trim","tints":[{"type":"minecraft:dye","default":-6265536}]},"when":"minecraft:redstone"},{"model":{"type":"minecraft:model","model":"minecraft:item/leather_boots_copper_trim","tints":[{"type":"minecraft:dye","default":-6265536}]},"when":"minecraft:copper"},{"model":{"type":"minecraft:model","model":"minecraft:item/leather_boots_gold_trim","tints":[{"type":"minecraft:dye","default":-6265536}]},"when":"minecraft:gold"},{"model":{"type":"minecraft:model","model":"minecraft:item/leather_boots_emerald_trim","tints":[{"type":"minecraft:dye","default":-6265536}]},"when":"minecraft:emerald"},{"model":{"type":"minecraft:model","model":"minecraft:item/leather_boots_diamond_trim","tints":[{"type":"minecraft:dye","default":-6265536}]},"when":"minecraft:diamond"},{"model":{"type":"minecraft:model","model":"minecraft:item/leather_boots_lapis_trim","tints":[{"type":"minecraft:dye","default":-6265536}]},"when":"minecraft:lapis"},{"model":{"type":"minecraft:model","model":"minecraft:item/leather_boots_amethyst_trim","tints":[{"type":"minecraft:dye","default":-6265536}]},"when":"minecraft:amethyst"},{"model":{"type":"minecraft:model","model":"minecraft:item/leather_boots_resin_trim","tints":[{"type":"minecraft:dye","default":-6265536}]},"when":"minecraft:resin"}],"fallback":{"type":"minecraft:model","model":"minecraft:item/leather_boots","tints":[{"type":"minecraft:dye","default":-6265536}]},"property":"minecraft:trim_material","model":"slimefun:slimefun/magical_armor/stomper_armor/stomper_boots","tints":[{"type":"dye","default":-6265536}]}},{"threshold":2200262,"model":{"type":"model","cases":[{"model":{"type":"minecraft:model","model":"minecraft:item/leather_boots_quartz_trim","tints":[{"type":"minecraft:dye","default":-6265536}]},"when":"minecraft:quartz"},{"model":{"type":"minecraft:model","model":"minecraft:item/leather_boots_iron_trim","tints":[{"type":"minecraft:dye","default":-6265536}]},"when":"minecraft:iron"},{"model":{"type":"minecraft:model","model":"minecraft:item/leather_boots_netherite_trim","tints":[{"type":"minecraft:dye","default":-6265536}]},"when":"minecraft:netherite"},{"model":{"type":"minecraft:model","model":"minecraft:item/leather_boots_redstone_trim","tints":[{"type":"minecraft:dye","default":-6265536}]},"when":"minecraft:redstone"},{"model":{"type":"minecraft:model","model":"minecraft:item/leather_boots_copper_trim","tints":[{"type":"minecraft:dye","default":-6265536}]},"when":"minecraft:copper"},{"model":{"type":"minecraft:model","model":"minecraft:item/leather_boots_gold_trim","tints":[{"type":"minecraft:dye","default":-6265536}]},"when":"minecraft:gold"},{"model":{"type":"minecraft:model","model":"minecraft:item/leather_boots_emerald_trim","tints":[{"type":"minecraft:dye","default":-6265536}]},"when":"minecraft:emerald"},{"model":{"type":"minecraft:model","model":"minecraft:item/leather_boots_diamond_trim","tints":[{"type":"minecraft:dye","default":-6265536}]},"when":"minecraft:diamond"},{"model":{"type":"minecraft:model","model":"minecraft:item/leather_boots_lapis_trim","tints":[{"type":"minecraft:dye","default":-6265536}]},"when":"minecraft:lapis"},{"model":{"type":"minecraft:model","model":"minecraft:item/leather_boots_amethyst_trim","tints":[{"type":"minecraft:dye","default":-6265536}]},"when":"minecraft:amethyst"},{"model":{"type":"minecraft:model","model":"minecraft:item/leather_boots_resin_trim","tints":[{"type":"minecraft:dye","default":-6265536}]},"when":"minecraft:resin"}],"fallback":{"type":"minecraft:model","model":"minecraft:item/leather_boots","tints":[{"type":"minecraft:dye","default":-6265536}]},"property":"minecraft:trim_material","model":"slimefun:slimefun/technical_gadgets/jetboots/duralumin_jetboots","tints":[{"type":"dye","default":-6265536}]}},{"threshold":2200263,"model":{"type":"model","cases":[{"model":{"type":"minecraft:model","model":"minecraft:item/leather_boots_quartz_trim","tints":[{"type":"minecraft:dye","default":-6265536}]},"when":"minecraft:quartz"},{"model":{"type":"minecraft:model","model":"minecraft:item/leather_boots_iron_trim","tints":[{"type":"minecraft:dye","default":-6265536}]},"when":"minecraft:iron"},{"model":{"type":"minecraft:model","model":"minecraft:item/leather_boots_netherite_trim","tints":[{"type":"minecraft:dye","default":-6265536}]},"when":"minecraft:netherite"},{"model":{"type":"minecraft:model","model":"minecraft:item/leather_boots_redstone_trim","tints":[{"type":"minecraft:dye","default":-6265536}]},"when":"minecraft:redstone"},{"model":{"type":"minecraft:model","model":"minecraft:item/leather_boots_copper_trim","tints":[{"type":"minecraft:dye","default":-6265536}]},"when":"minecraft:copper"},{"model":{"type":"minecraft:model","model":"minecraft:item/leather_boots_gold_trim","tints":[{"type":"minecraft:dye","default":-6265536}]},"when":"minecraft:gold"},{"model":{"type":"minecraft:model","model":"minecraft:item/leather_boots_emerald_trim","tints":[{"type":"minecraft:dye","default":-6265536}]},"when":"minecraft:emerald"},{"model":{"type":"minecraft:model","model":"minecraft:item/leather_boots_diamond_trim","tints":[{"type":"minecraft:dye","default":-6265536}]},"when":"minecraft:diamond"},{"model":{"type":"minecraft:model","model":"minecraft:item/leather_boots_lapis_trim","tints":[{"type":"minecraft:dye","default":-6265536}]},"when":"minecraft:lapis"},{"model":{"type":"minecraft:model","model":"minecraft:item/leather_boots_amethyst_trim","tints":[{"type":"minecraft:dye","default":-6265536}]},"when":"minecraft:amethyst"},{"model":{"type":"minecraft:model","model":"minecraft:item/leather_boots_resin_trim","tints":[{"type":"minecraft:dye","default":-6265536}]},"when":"minecraft:resin"}],"fallback":{"type":"minecraft:model","model":"minecraft:item/leather_boots","tints":[{"type":"minecraft:dye","default":-6265536}]},"property":"minecraft:trim_material","model":"slimefun:slimefun/technical_gadgets/jetboots/solder_jetboots","tints":[{"type":"dye","default":-6265536}]}},{"threshold":2200264,"model":{"type":"model","cases":[{"model":{"type":"minecraft:model","model":"minecraft:item/leather_boots_quartz_trim","tints":[{"type":"minecraft:dye","default":-6265536}]},"when":"minecraft:quartz"},{"model":{"type":"minecraft:model","model":"minecraft:item/leather_boots_iron_trim","tints":[{"type":"minecraft:dye","default":-6265536}]},"when":"minecraft:iron"},{"model":{"type":"minecraft:model","model":"minecraft:item/leather_boots_netherite_trim","tints":[{"type":"minecraft:dye","default":-6265536}]},"when":"minecraft:netherite"},{"model":{"type":"minecraft:model","model":"minecraft:item/leather_boots_redstone_trim","tints":[{"type":"minecraft:dye","default":-6265536}]},"when":"minecraft:redstone"},{"model":{"type":"minecraft:model","model":"minecraft:item/leather_boots_copper_trim","tints":[{"type":"minecraft:dye","default":-6265536}]},"when":"minecraft:copper"},{"model":{"type":"minecraft:model","model":"minecraft:item/leather_boots_gold_trim","tints":[{"type":"minecraft:dye","default":-6265536}]},"when":"minecraft:gold"},{"model":{"type":"minecraft:model","model":"minecraft:item/leather_boots_emerald_trim","tints":[{"type":"minecraft:dye","default":-6265536}]},"when":"minecraft:emerald"},{"model":{"type":"minecraft:model","model":"minecraft:item/leather_boots_diamond_trim","tints":[{"type":"minecraft:dye","default":-6265536}]},"when":"minecraft:diamond"},{"model":{"type":"minecraft:model","model":"minecraft:item/leather_boots_lapis_trim","tints":[{"type":"minecraft:dye","default":-6265536}]},"when":"minecraft:lapis"},{"model":{"type":"minecraft:model","model":"minecraft:item/leather_boots_amethyst_trim","tints":[{"type":"minecraft:dye","default":-6265536}]},"when":"minecraft:amethyst"},{"model":{"type":"minecraft:model","model":"minecraft:item/leather_boots_resin_trim","tints":[{"type":"minecraft:dye","default":-6265536}]},"when":"minecraft:resin"}],"fallback":{"type":"minecraft:model","model":"minecraft:item/leather_boots","tints":[{"type":"minecraft:dye","default":-6265536}]},"property":"minecraft:trim_material","model":"slimefun:slimefun/technical_gadgets/jetboots/billon_jetboots","tints":[{"type":"dye","default":-6265536}]}},{"threshold":2200265,"model":{"type":"model","cases":[{"model":{"type":"minecraft:model","model":"minecraft:item/leather_boots_quartz_trim","tints":[{"type":"minecraft:dye","default":-6265536}]},"when":"minecraft:quartz"},{"model":{"type":"minecraft:model","model":"minecraft:item/leather_boots_iron_trim","tints":[{"type":"minecraft:dye","default":-6265536}]},"when":"minecraft:iron"},{"model":{"type":"minecraft:model","model":"minecraft:item/leather_boots_netherite_trim","tints":[{"type":"minecraft:dye","default":-6265536}]},"when":"minecraft:netherite"},{"model":{"type":"minecraft:model","model":"minecraft:item/leather_boots_redstone_trim","tints":[{"type":"minecraft:dye","default":-6265536}]},"when":"minecraft:redstone"},{"model":{"type":"minecraft:model","model":"minecraft:item/leather_boots_copper_trim","tints":[{"type":"minecraft:dye","default":-6265536}]},"when":"minecraft:copper"},{"model":{"type":"minecraft:model","model":"minecraft:item/leather_boots_gold_trim","tints":[{"type":"minecraft:dye","default":-6265536}]},"when":"minecraft:gold"},{"model":{"type":"minecraft:model","model":"minecraft:item/leather_boots_emerald_trim","tints":[{"type":"minecraft:dye","default":-6265536}]},"when":"minecraft:emerald"},{"model":{"type":"minecraft:model","model":"minecraft:item/leather_boots_diamond_trim","tints":[{"type":"minecraft:dye","default":-6265536}]},"when":"minecraft:diamond"},{"model":{"type":"minecraft:model","model":"minecraft:item/leather_boots_lapis_trim","tints":[{"type":"minecraft:dye","default":-6265536}]},"when":"minecraft:lapis"},{"model":{"type":"minecraft:model","model":"minecraft:item/leather_boots_amethyst_trim","tints":[{"type":"minecraft:dye","default":-6265536}]},"when":"minecraft:amethyst"},{"model":{"type":"minecraft:model","model":"minecraft:item/leather_boots_resin_trim","tints":[{"type":"minecraft:dye","default":-6265536}]},"when":"minecraft:resin"}],"fallback":{"type":"minecraft:model","model":"minecraft:item/leather_boots","tints":[{"type":"minecraft:dye","default":-6265536}]},"property":"minecraft:trim_material","model":"slimefun:slimefun/technical_gadgets/jetboots/steel_jetboots","tints":[{"type":"dye","default":-6265536}]}},{"threshold":2200266,"model":{"type":"model","cases":[{"model":{"type":"minecraft:model","model":"minecraft:item/leather_boots_quartz_trim","tints":[{"type":"minecraft:dye","default":-6265536}]},"when":"minecraft:quartz"},{"model":{"type":"minecraft:model","model":"minecraft:item/leather_boots_iron_trim","tints":[{"type":"minecraft:dye","default":-6265536}]},"when":"minecraft:iron"},{"model":{"type":"minecraft:model","model":"minecraft:item/leather_boots_netherite_trim","tints":[{"type":"minecraft:dye","default":-6265536}]},"when":"minecraft:netherite"},{"model":{"type":"minecraft:model","model":"minecraft:item/leather_boots_redstone_trim","tints":[{"type":"minecraft:dye","default":-6265536}]},"when":"minecraft:redstone"},{"model":{"type":"minecraft:model","model":"minecraft:item/leather_boots_copper_trim","tints":[{"type":"minecraft:dye","default":-6265536}]},"when":"minecraft:copper"},{"model":{"type":"minecraft:model","model":"minecraft:item/leather_boots_gold_trim","tints":[{"type":"minecraft:dye","default":-6265536}]},"when":"minecraft:gold"},{"model":{"type":"minecraft:model","model":"minecraft:item/leather_boots_emerald_trim","tints":[{"type":"minecraft:dye","default":-6265536}]},"when":"minecraft:emerald"},{"model":{"type":"minecraft:model","model":"minecraft:item/leather_boots_diamond_trim","tints":[{"type":"minecraft:dye","default":-6265536}]},"when":"minecraft:diamond"},{"model":{"type":"minecraft:model","model":"minecraft:item/leather_boots_lapis_trim","tints":[{"type":"minecraft:dye","default":-6265536}]},"when":"minecraft:lapis"},{"model":{"type":"minecraft:model","model":"minecraft:item/leather_boots_amethyst_trim","tints":[{"type":"minecraft:dye","default":-6265536}]},"when":"minecraft:amethyst"},{"model":{"type":"minecraft:model","model":"minecraft:item/leather_boots_resin_trim","tints":[{"type":"minecraft:dye","default":-6265536}]},"when":"minecraft:resin"}],"fallback":{"type":"minecraft:model","model":"minecraft:item/leather_boots","tints":[{"type":"minecraft:dye","default":-6265536}]},"property":"minecraft:trim_material","model":"slimefun:slimefun/technical_gadgets/jetboots/damascus_steel_jetboots","tints":[{"type":"dye","default":-6265536}]}},{"threshold":2200267,"model":{"type":"model","cases":[{"model":{"type":"minecraft:model","model":"minecraft:item/leather_boots_quartz_trim","tints":[{"type":"minecraft:dye","default":-6265536}]},"when":"minecraft:quartz"},{"model":{"type":"minecraft:model","model":"minecraft:item/leather_boots_iron_trim","tints":[{"type":"minecraft:dye","default":-6265536}]},"when":"minecraft:iron"},{"model":{"type":"minecraft:model","model":"minecraft:item/leather_boots_netherite_trim","tints":[{"type":"minecraft:dye","default":-6265536}]},"when":"minecraft:netherite"},{"model":{"type":"minecraft:model","model":"minecraft:item/leather_boots_redstone_trim","tints":[{"type":"minecraft:dye","default":-6265536}]},"when":"minecraft:redstone"},{"model":{"type":"minecraft:model","model":"minecraft:item/leather_boots_copper_trim","tints":[{"type":"minecraft:dye","default":-6265536}]},"when":"minecraft:copper"},{"model":{"type":"minecraft:model","model":"minecraft:item/leather_boots_gold_trim","tints":[{"type":"minecraft:dye","default":-6265536}]},"when":"minecraft:gold"},{"model":{"type":"minecraft:model","model":"minecraft:item/leather_boots_emerald_trim","tints":[{"type":"minecraft:dye","default":-6265536}]},"when":"minecraft:emerald"},{"model":{"type":"minecraft:model","model":"minecraft:item/leather_boots_diamond_trim","tints":[{"type":"minecraft:dye","default":-6265536}]},"when":"minecraft:diamond"},{"model":{"type":"minecraft:model","model":"minecraft:item/leather_boots_lapis_trim","tints":[{"type":"minecraft:dye","default":-6265536}]},"when":"minecraft:lapis"},{"model":{"type":"minecraft:model","model":"minecraft:item/leather_boots_amethyst_trim","tints":[{"type":"minecraft:dye","default":-6265536}]},"when":"minecraft:amethyst"},{"model":{"type":"minecraft:model","model":"minecraft:item/leather_boots_resin_trim","tints":[{"type":"minecraft:dye","default":-6265536}]},"when":"minecraft:resin"}],"fallback":{"type":"minecraft:model","model":"minecraft:item/leather_boots","tints":[{"type":"minecraft:dye","default":-6265536}]},"property":"minecraft:trim_material","model":"slimefun:slimefun/technical_gadgets/jetboots/reinforced_alloy_jetboots","tints":[{"type":"dye","default":-6265536}]}},{"threshold":2200268,"model":{"type":"model","cases":[{"model":{"type":"minecraft:model","model":"minecraft:item/leather_boots_quartz_trim","tints":[{"type":"minecraft:dye","default":-6265536}]},"when":"minecraft:quartz"},{"model":{"type":"minecraft:model","model":"minecraft:item/leather_boots_iron_trim","tints":[{"type":"minecraft:dye","default":-6265536}]},"when":"minecraft:iron"},{"model":{"type":"minecraft:model","model":"minecraft:item/leather_boots_netherite_trim","tints":[{"type":"minecraft:dye","default":-6265536}]},"when":"minecraft:netherite"},{"model":{"type":"minecraft:model","model":"minecraft:item/leather_boots_redstone_trim","tints":[{"type":"minecraft:dye","default":-6265536}]},"when":"minecraft:redstone"},{"model":{"type":"minecraft:model","model":"minecraft:item/leather_boots_copper_trim","tints":[{"type":"minecraft:dye","default":-6265536}]},"when":"minecraft:copper"},{"model":{"type":"minecraft:model","model":"minecraft:item/leather_boots_gold_trim","tints":[{"type":"minecraft:dye","default":-6265536}]},"when":"minecraft:gold"},{"model":{"type":"minecraft:model","model":"minecraft:item/leather_boots_emerald_trim","tints":[{"type":"minecraft:dye","default":-6265536}]},"when":"minecraft:emerald"},{"model":{"type":"minecraft:model","model":"minecraft:item/leather_boots_diamond_trim","tints":[{"type":"minecraft:dye","default":-6265536}]},"when":"minecraft:diamond"},{"model":{"type":"minecraft:model","model":"minecraft:item/leather_boots_lapis_trim","tints":[{"type":"minecraft:dye","default":-6265536}]},"when":"minecraft:lapis"},{"model":{"type":"minecraft:model","model":"minecraft:item/leather_boots_amethyst_trim","tints":[{"type":"minecraft:dye","default":-6265536}]},"when":"minecraft:amethyst"},{"model":{"type":"minecraft:model","model":"minecraft:item/leather_boots_resin_trim","tints":[{"type":"minecraft:dye","default":-6265536}]},"when":"minecraft:resin"}],"fallback":{"type":"minecraft:model","model":"minecraft:item/leather_boots","tints":[{"type":"minecraft:dye","default":-6265536}]},"property":"minecraft:trim_material","model":"slimefun:slimefun/technical_gadgets/jetboots/carbonado_jetboots","tints":[{"type":"dye","default":-6265536}]}},{"threshold":2200559,"model":{"type":"model","cases":[{"model":{"type":"minecraft:model","model":"minecraft:item/leather_boots_quartz_trim","tints":[{"type":"minecraft:dye","default":-6265536}]},"when":"minecraft:quartz"},{"model":{"type":"minecraft:model","model":"minecraft:item/leather_boots_iron_trim","tints":[{"type":"minecraft:dye","default":-6265536}]},"when":"minecraft:iron"},{"model":{"type":"minecraft:model","model":"minecraft:item/leather_boots_netherite_trim","tints":[{"type":"minecraft:dye","default":-6265536}]},"when":"minecraft:netherite"},{"model":{"type":"minecraft:model","model":"minecraft:item/leather_boots_redstone_trim","tints":[{"type":"minecraft:dye","default":-6265536}]},"when":"minecraft:redstone"},{"model":{"type":"minecraft:model","model":"minecraft:item/leather_boots_copper_trim","tints":[{"type":"minecraft:dye","default":-6265536}]},"when":"minecraft:copper"},{"model":{"type":"minecraft:model","model":"minecraft:item/leather_boots_gold_trim","tints":[{"type":"minecraft:dye","default":-6265536}]},"when":"minecraft:gold"},{"model":{"type":"minecraft:model","model":"minecraft:item/leather_boots_emerald_trim","tints":[{"type":"minecraft:dye","default":-6265536}]},"when":"minecraft:emerald"},{"model":{"type":"minecraft:model","model":"minecraft:item/leather_boots_diamond_trim","tints":[{"type":"minecraft:dye","default":-6265536}]},"when":"minecraft:diamond"},{"model":{"type":"minecraft:model","model":"minecraft:item/leather_boots_lapis_trim","tints":[{"type":"minecraft:dye","default":-6265536}]},"when":"minecraft:lapis"},{"model":{"type":"minecraft:model","model":"minecraft:item/leather_boots_amethyst_trim","tints":[{"type":"minecraft:dye","default":-6265536}]},"when":"minecraft:amethyst"},{"model":{"type":"minecraft:model","model":"minecraft:item/leather_boots_resin_trim","tints":[{"type":"minecraft:dye","default":-6265536}]},"when":"minecraft:resin"}],"fallback":{"type":"minecraft:model","model":"minecraft:item/leather_boots","tints":[{"type":"minecraft:dye","default":-6265536}]},"property":"minecraft:trim_material","model":"slimefun:slimefun/magical_armor/rainbow_armor/rainbow_boots","tints":[{"type":"dye","default":-6265536}]}},{"threshold":2201209,"model":{"type":"model","cases":[{"model":{"type":"minecraft:model","model":"minecraft:item/leather_boots_quartz_trim","tints":[{"type":"minecraft:dye","default":-6265536}]},"when":"minecraft:quartz"},{"model":{"type":"minecraft:model","model":"minecraft:item/leather_boots_iron_trim","tints":[{"type":"minecraft:dye","default":-6265536}]},"when":"minecraft:iron"},{"model":{"type":"minecraft:model","model":"minecraft:item/leather_boots_netherite_trim","tints":[{"type":"minecraft:dye","default":-6265536}]},"when":"minecraft:netherite"},{"model":{"type":"minecraft:model","model":"minecraft:item/leather_boots_redstone_trim","tints":[{"type":"minecraft:dye","default":-6265536}]},"when":"minecraft:redstone"},{"model":{"type":"minecraft:model","model":"minecraft:item/leather_boots_copper_trim","tints":[{"type":"minecraft:dye","default":-6265536}]},"when":"minecraft:copper"},{"model":{"type":"minecraft:model","model":"minecraft:item/leather_boots_gold_trim","tints":[{"type":"minecraft:dye","default":-6265536}]},"when":"minecraft:gold"},{"model":{"type":"minecraft:model","model":"minecraft:item/leather_boots_emerald_trim","tints":[{"type":"minecraft:dye","default":-6265536}]},"when":"minecraft:emerald"},{"model":{"type":"minecraft:model","model":"minecraft:item/leather_boots_diamond_trim","tints":[{"type":"minecraft:dye","default":-6265536}]},"when":"minecraft:diamond"},{"model":{"type":"minecraft:model","model":"minecraft:item/leather_boots_lapis_trim","tints":[{"type":"minecraft:dye","default":-6265536}]},"when":"minecraft:lapis"},{"model":{"type":"minecraft:model","model":"minecraft:item/leather_boots_amethyst_trim","tints":[{"type":"minecraft:dye","default":-6265536}]},"when":"minecraft:amethyst"},{"model":{"type":"minecraft:model","model":"minecraft:item/leather_boots_resin_trim","tints":[{"type":"minecraft:dye","default":-6265536}]},"when":"minecraft:resin"}],"fallback":{"type":"minecraft:model","model":"minecraft:item/leather_boots","tints":[{"type":"minecraft:dye","default":-6265536}]},"property":"minecraft:trim_material","model":"extra_gear:armor/copper/copper_boots","tints":[{"type":"dye","default":-6265536}]}},{"threshold":2301148,"model":{"type":"model","cases":[{"model":{"type":"minecraft:model","model":"minecraft:item/leather_boots_quartz_trim","tints":[{"type":"minecraft:dye","default":-6265536}]},"when":"minecraft:quartz"},{"model":{"type":"minecraft:model","model":"minecraft:item/leather_boots_iron_trim","tints":[{"type":"minecraft:dye","default":-6265536}]},"when":"minecraft:iron"},{"model":{"type":"minecraft:model","model":"minecraft:item/leather_boots_netherite_trim","tints":[{"type":"minecraft:dye","default":-6265536}]},"when":"minecraft:netherite"},{"model":{"type":"minecraft:model","model":"minecraft:item/leather_boots_redstone_trim","tints":[{"type":"minecraft:dye","default":-6265536}]},"when":"minecraft:redstone"},{"model":{"type":"minecraft:model","model":"minecraft:item/leather_boots_copper_trim","tints":[{"type":"minecraft:dye","default":-6265536}]},"when":"minecraft:copper"},{"model":{"type":"minecraft:model","model":"minecraft:item/leather_boots_gold_trim","tints":[{"type":"minecraft:dye","default":-6265536}]},"when":"minecraft:gold"},{"model":{"type":"minecraft:model","model":"minecraft:item/leather_boots_emerald_trim","tints":[{"type":"minecraft:dye","default":-6265536}]},"when":"minecraft:emerald"},{"model":{"type":"minecraft:model","model":"minecraft:item/leather_boots_diamond_trim","tints":[{"type":"minecraft:dye","default":-6265536}]},"when":"minecraft:diamond"},{"model":{"type":"minecraft:model","model":"minecraft:item/leather_boots_lapis_trim","tints":[{"type":"minecraft:dye","default":-6265536}]},"when":"minecraft:lapis"},{"model":{"type":"minecraft:model","model":"minecraft:item/leather_boots_amethyst_trim","tints":[{"type":"minecraft:dye","default":-6265536}]},"when":"minecraft:amethyst"},{"model":{"type":"minecraft:model","model":"minecraft:item/leather_boots_resin_trim","tints":[{"type":"minecraft:dye","default":-6265536}]},"when":"minecraft:resin"}],"fallback":{"type":"minecraft:model","model":"minecraft:item/leather_boots","tints":[{"type":"minecraft:dye","default":-6265536}]},"property":"minecraft:trim_material","model":"slimetinker:armour_building_guide/armour_boots_dummy","tints":[{"type":"dye","default":-6265536}]}},{"threshold":2301149,"model":{"type":"model","cases":[{"model":{"type":"minecraft:model","model":"minecraft:item/leather_boots_quartz_trim","tints":[{"type":"minecraft:dye","default":-6265536}]},"when":"minecraft:quartz"},{"model":{"type":"minecraft:model","model":"minecraft:item/leather_boots_iron_trim","tints":[{"type":"minecraft:dye","default":-6265536}]},"when":"minecraft:iron"},{"model":{"type":"minecraft:model","model":"minecraft:item/leather_boots_netherite_trim","tints":[{"type":"minecraft:dye","default":-6265536}]},"when":"minecraft:netherite"},{"model":{"type":"minecraft:model","model":"minecraft:item/leather_boots_redstone_trim","tints":[{"type":"minecraft:dye","default":-6265536}]},"when":"minecraft:redstone"},{"model":{"type":"minecraft:model","model":"minecraft:item/leather_boots_copper_trim","tints":[{"type":"minecraft:dye","default":-6265536}]},"when":"minecraft:copper"},{"model":{"type":"minecraft:model","model":"minecraft:item/leather_boots_gold_trim","tints":[{"type":"minecraft:dye","default":-6265536}]},"when":"minecraft:gold"},{"model":{"type":"minecraft:model","model":"minecraft:item/leather_boots_emerald_trim","tints":[{"type":"minecraft:dye","default":-6265536}]},"when":"minecraft:emerald"},{"model":{"type":"minecraft:model","model":"minecraft:item/leather_boots_diamond_trim","tints":[{"type":"minecraft:dye","default":-6265536}]},"when":"minecraft:diamond"},{"model":{"type":"minecraft:model","model":"minecraft:item/leather_boots_lapis_trim","tints":[{"type":"minecraft:dye","default":-6265536}]},"when":"minecraft:lapis"},{"model":{"type":"minecraft:model","model":"minecraft:item/leather_boots_amethyst_trim","tints":[{"type":"minecraft:dye","default":-6265536}]},"when":"minecraft:amethyst"},{"model":{"type":"minecraft:model","model":"minecraft:item/leather_boots_resin_trim","tints":[{"type":"minecraft:dye","default":-6265536}]},"when":"minecraft:resin"}],"fallback":{"type":"minecraft:model","model":"minecraft:item/leather_boots","tints":[{"type":"minecraft:dye","default":-6265536}]},"property":"minecraft:trim_material","model":"item/leather_boots","tints":[{"type":"dye","default":-6265536}]}}]},"oversized_in_gui":true}