{"model":{"type":"range_dispatch","property":"custom_model_data","index":0,"fallback":{"type":"model","cases":[{"model":{"type":"minecraft:model","model":"minecraft:item/leather_helmet_quartz_trim","tints":[{"type":"minecraft:dye","default":-6265536}]},"when":"minecraft:quartz"},{"model":{"type":"minecraft:model","model":"minecraft:item/leather_helmet_iron_trim","tints":[{"type":"minecraft:dye","default":-6265536}]},"when":"minecraft:iron"},{"model":{"type":"minecraft:model","model":"minecraft:item/leather_helmet_netherite_trim","tints":[{"type":"minecraft:dye","default":-6265536}]},"when":"minecraft:netherite"},{"model":{"type":"minecraft:model","model":"minecraft:item/leather_helmet_redstone_trim","tints":[{"type":"minecraft:dye","default":-6265536}]},"when":"minecraft:redstone"},{"model":{"type":"minecraft:model","model":"minecraft:item/leather_helmet_copper_trim","tints":[{"type":"minecraft:dye","default":-6265536}]},"when":"minecraft:copper"},{"model":{"type":"minecraft:model","model":"minecraft:item/leather_helmet_gold_trim","tints":[{"type":"minecraft:dye","default":-6265536}]},"when":"minecraft:gold"},{"model":{"type":"minecraft:model","model":"minecraft:item/leather_helmet_emerald_trim","tints":[{"type":"minecraft:dye","default":-6265536}]},"when":"minecraft:emerald"},{"model":{"type":"minecraft:model","model":"minecraft:item/leather_helmet_diamond_trim","tints":[{"type":"minecraft:dye","default":-6265536}]},"when":"minecraft:diamond"},{"model":{"type":"minecraft:model","model":"minecraft:item/leather_helmet_lapis_trim","tints":[{"type":"minecraft:dye","default":-6265536}]},"when":"minecraft:lapis"},{"model":{"type":"minecraft:model","model":"minecraft:item/leather_helmet_amethyst_trim","tints":[{"type":"minecraft:dye","default":-6265536}]},"when":"minecraft:amethyst"},{"model":{"type":"minecraft:model","model":"minecraft:item/leather_helmet_resin_trim","tints":[{"type":"minecraft:dye","default":-6265536}]},"when":"minecraft:resin"}],"fallback":{"type":"minecraft:model","model":"minecraft:item/leather_helmet","tints":[{"type":"minecraft:dye","default":-6265536}]},"property":"minecraft:trim_material","model":"item/leather_helmet","tints":[{"type":"dye","default":-6265536}]},"entries":[{"threshold":2200037,"model":{"type":"model","cases":[{"model":{"type":"minecraft:model","model":"minecraft:item/leather_helmet_quartz_trim","tints":[{"type":"minecraft:dye","default":-6265536}]},"when":"minecraft:quartz"},{"model":{"type":"minecraft:model","model":"minecraft:item/leather_helmet_iron_trim","tints":[{"type":"minecraft:dye","default":-6265536}]},"when":"minecraft:iron"},{"model":{"type":"minecraft:model","model":"minecraft:item/leather_helmet_netherite_trim","tints":[{"type":"minecraft:dye","default":-6265536}]},"when":"minecraft:netherite"},{"model":{"type":"minecraft:model","model":"minecraft:item/leather_helmet_redstone_trim","tints":[{"type":"minecraft:dye","default":-6265536}]},"when":"minecraft:redstone"},{"model":{"type":"minecraft:model","model":"minecraft:item/leather_helmet_copper_trim","tints":[{"type":"minecraft:dye","default":-6265536}]},"when":"minecraft:copper"},{"model":{"type":"minecraft:model","model":"minecraft:item/leather_helmet_gold_trim","tints":[{"type":"minecraft:dye","default":-6265536}]},"when":"minecraft:gold"},{"model":{"type":"minecraft:model","model":"minecraft:item/leather_helmet_emerald_trim","tints":[{"type":"minecraft:dye","default":-6265536}]},"when":"minecraft:emerald"},{"model":{"type":"minecraft:model","model":"minecraft:item/leather_helmet_diamond_trim","tints":[{"type":"minecraft:dye","default":-6265536}]},"when":"minecraft:diamond"},{"model":{"type":"minecraft:model","model":"minecraft:item/leather_helmet_lapis_trim","tints":[{"type":"minecraft:dye","default":-6265536}]},"when":"minecraft:lapis"},{"model":{"type":"minecraft:model","model":"minecraft:item/leather_helmet_amethyst_trim","tints":[{"type":"minecraft:dye","default":-6265536}]},"when":"minecraft:amethyst"},{"model":{"type":"minecraft:model","model":"minecraft:item/leather_helmet_resin_trim","tints":[{"type":"minecraft:dye","default":-6265536}]},"when":"minecraft:resin"}],"fallback":{"type":"minecraft:model","model":"minecraft:item/leather_helmet","tints":[{"type":"minecraft:dye","default":-6265536}]},"property":"minecraft:trim_material","model":"slimefun:slimefun/magical_armor/ender_armor/ender_helmet","tints":[{"type":"dye","default":-6265536}]}},{"threshold":2200044,"model":{"type":"model","cases":[{"model":{"type":"minecraft:model","model":"minecraft:item/leather_helmet_quartz_trim","tints":[{"type":"minecraft:dye","default":-6265536}]},"when":"minecraft:quartz"},{"model":{"type":"minecraft:model","model":"minecraft:item/leather_helmet_iron_trim","tints":[{"type":"minecraft:dye","default":-6265536}]},"when":"minecraft:iron"},{"model":{"type":"minecraft:model","model":"minecraft:item/leather_helmet_netherite_trim","tints":[{"type":"minecraft:dye","default":-6265536}]},"when":"minecraft:netherite"},{"model":{"type":"minecraft:model","model":"minecraft:item/leather_helmet_redstone_trim","tints":[{"type":"minecraft:dye","default":-6265536}]},"when":"minecraft:redstone"},{"model":{"type":"minecraft:model","model":"minecraft:item/leather_helmet_copper_trim","tints":[{"type":"minecraft:dye","default":-6265536}]},"when":"minecraft:copper"},{"model":{"type":"minecraft:model","model":"minecraft:item/leather_helmet_gold_trim","tints":[{"type":"minecraft:dye","default":-6265536}]},"when":"minecraft:gold"},{"model":{"type":"minecraft:model","model":"minecraft:item/leather_helmet_emerald_trim","tints":[{"type":"minecraft:dye","default":-6265536}]},"when":"minecraft:emerald"},{"model":{"type":"minecraft:model","model":"minecraft:item/leather_helmet_diamond_trim","tints":[{"type":"minecraft:dye","default":-6265536}]},"when":"minecraft:diamond"},{"model":{"type":"minecraft:model","model":"minecraft:item/leather_helmet_lapis_trim","tints":[{"type":"minecraft:dye","default":-6265536}]},"when":"minecraft:lapis"},{"model":{"type":"minecraft:model","model":"minecraft:item/leather_helmet_amethyst_trim","tints":[{"type":"minecraft:dye","default":-6265536}]},"when":"minecraft:amethyst"},{"model":{"type":"minecraft:model","model":"minecraft:item/leather_helmet_resin_trim","tints":[{"type":"minecraft:dye","default":-6265536}]},"when":"minecraft:resin"}],"fallback":{"type":"minecraft:model","model":"minecraft:item/leather_helmet","tints":[{"type":"minecraft:dye","default":-6265536}]},"property":"minecraft:trim_material","model":"slimefun:slimefun/magical_armor/slime_armor/slime_helmet","tints":[{"type":"dye","default":-6265536}]}},{"threshold":2200061,"model":{"type":"model","cases":[{"model":{"type":"minecraft:model","model":"minecraft:item/leather_helmet_quartz_trim","tints":[{"type":"minecraft:dye","default":-6265536}]},"when":"minecraft:quartz"},{"model":{"type":"minecraft:model","model":"minecraft:item/leather_helmet_iron_trim","tints":[{"type":"minecraft:dye","default":-6265536}]},"when":"minecraft:iron"},{"model":{"type":"minecraft:model","model":"minecraft:item/leather_helmet_netherite_trim","tints":[{"type":"minecraft:dye","default":-6265536}]},"when":"minecraft:netherite"},{"model":{"type":"minecraft:model","model":"minecraft:item/leather_helmet_redstone_trim","tints":[{"type":"minecraft:dye","default":-6265536}]},"when":"minecraft:redstone"},{"model":{"type":"minecraft:model","model":"minecraft:item/leather_helmet_copper_trim","tints":[{"type":"minecraft:dye","default":-6265536}]},"when":"minecraft:copper"},{"model":{"type":"minecraft:model","model":"minecraft:item/leather_helmet_gold_trim","tints":[{"type":"minecraft:dye","default":-6265536}]},"when":"minecraft:gold"},{"model":{"type":"minecraft:model","model":"minecraft:item/leather_helmet_emerald_trim","tints":[{"type":"minecraft:dye","default":-6265536}]},"when":"minecraft:emerald"},{"model":{"type":"minecraft:model","model":"minecraft:item/leather_helmet_diamond_trim","tints":[{"type":"minecraft:dye","default":-6265536}]},"when":"minecraft:diamond"},{"model":{"type":"minecraft:model","model":"minecraft:item/leather_helmet_lapis_trim","tints":[{"type":"minecraft:dye","default":-6265536}]},"when":"minecraft:lapis"},{"model":{"type":"minecraft:model","model":"minecraft:item/leather_helmet_amethyst_trim","tints":[{"type":"minecraft:dye","default":-6265536}]},"when":"minecraft:amethyst"},{"model":{"type":"minecraft:model","model":"minecraft:item/leather_helmet_resin_trim","tints":[{"type":"minecraft:dye","default":-6265536}]},"when":"minecraft:resin"}],"fallback":{"type":"minecraft:model","model":"minecraft:item/leather_helmet","tints":[{"type":"minecraft:dye","default":-6265536}]},"property":"minecraft:trim_material","model":"slimefun:slimefun/magical_armor/glowstone_armor/glowstone_helmet","tints":[{"type":"dye","default":-6265536}]}},{"threshold":2200073,"model":{"type":"model","cases":[{"model":{"type":"minecraft:model","model":"minecraft:item/leather_helmet_quartz_trim","tints":[{"type":"minecraft:dye","default":-6265536}]},"when":"minecraft:quartz"},{"model":{"type":"minecraft:model","model":"minecraft:item/leather_helmet_iron_trim","tints":[{"type":"minecraft:dye","default":-6265536}]},"when":"minecraft:iron"},{"model":{"type":"minecraft:model","model":"minecraft:item/leather_helmet_netherite_trim","tints":[{"type":"minecraft:dye","default":-6265536}]},"when":"minecraft:netherite"},{"model":{"type":"minecraft:model","model":"minecraft:item/leather_helmet_redstone_trim","tints":[{"type":"minecraft:dye","default":-6265536}]},"when":"minecraft:redstone"},{"model":{"type":"minecraft:model","model":"minecraft:item/leather_helmet_copper_trim","tints":[{"type":"minecraft:dye","default":-6265536}]},"when":"minecraft:copper"},{"model":{"type":"minecraft:model","model":"minecraft:item/leather_helmet_gold_trim","tints":[{"type":"minecraft:dye","default":-6265536}]},"when":"minecraft:gold"},{"model":{"type":"minecraft:model","model":"minecraft:item/leather_helmet_emerald_trim","tints":[{"type":"minecraft:dye","default":-6265536}]},"when":"minecraft:emerald"},{"model":{"type":"minecraft:model","model":"minecraft:item/leather_helmet_diamond_trim","tints":[{"type":"minecraft:dye","default":-6265536}]},"when":"minecraft:diamond"},{"model":{"type":"minecraft:model","model":"minecraft:item/leather_helmet_lapis_trim","tints":[{"type":"minecraft:dye","default":-6265536}]},"when":"minecraft:lapis"},{"model":{"type":"minecraft:model","model":"minecraft:item/leather_helmet_amethyst_trim","tints":[{"type":"minecraft:dye","default":-6265536}]},"when":"minecraft:amethyst"},{"model":{"type":"minecraft:model","model":"minecraft:item/leather_helmet_resin_trim","tints":[{"type":"minecraft:dye","default":-6265536}]},"when":"minecraft:resin"}],"fallback":{"type":"minecraft:model","model":"minecraft:item/leather_helmet","tints":[{"type":"minecraft:dye","default":-6265536}]},"property":"minecraft:trim_material","model":"slimefun:slimefun/armor/cactus_armor/cactus_helmet","tints":[{"type":"dye","default":-6265536}]}},{"threshold":2200207,"model":{"type":"model","cases":[{"model":{"type":"minecraft:model","model":"minecraft:item/leather_helmet_quartz_trim","tints":[{"type":"minecraft:dye","default":-6265536}]},"when":"minecraft:quartz"},{"model":{"type":"minecraft:model","model":"minecraft:item/leather_helmet_iron_trim","tints":[{"type":"minecraft:dye","default":-6265536}]},"when":"minecraft:iron"},{"model":{"type":"minecraft:model","model":"minecraft:item/leather_helmet_netherite_trim","tints":[{"type":"minecraft:dye","default":-6265536}]},"when":"minecraft:netherite"},{"model":{"type":"minecraft:model","model":"minecraft:item/leather_helmet_redstone_trim","tints":[{"type":"minecraft:dye","default":-6265536}]},"when":"minecraft:redstone"},{"model":{"type":"minecraft:model","model":"minecraft:item/leather_helmet_copper_trim","tints":[{"type":"minecraft:dye","default":-6265536}]},"when":"minecraft:copper"},{"model":{"type":"minecraft:model","model":"minecraft:item/leather_helmet_gold_trim","tints":[{"type":"minecraft:dye","default":-6265536}]},"when":"minecraft:gold"},{"model":{"type":"minecraft:model","model":"minecraft:item/leather_helmet_emerald_trim","tints":[{"type":"minecraft:dye","default":-6265536}]},"when":"minecraft:emerald"},{"model":{"type":"minecraft:model","model":"minecraft:item/leather_helmet_diamond_trim","tints":[{"type":"minecraft:dye","default":-6265536}]},"when":"minecraft:diamond"},{"model":{"type":"minecraft:model","model":"minecraft:item/leather_helmet_lapis_trim","tints":[{"type":"minecraft:dye","default":-6265536}]},"when":"minecraft:lapis"},{"model":{"type":"minecraft:model","model":"minecraft:item/leather_helmet_amethyst_trim","tints":[{"type":"minecraft:dye","default":-6265536}]},"when":"minecraft:amethyst"},{"model":{"type":"minecraft:model","model":"minecraft:item/leather_helmet_resin_trim","tints":[{"type":"minecraft:dye","default":-6265536}]},"when":"minecraft:resin"}],"fallback":{"type":"minecraft:model","model":"minecraft:item/leather_helmet","tints":[{"type":"minecraft:dye","default":-6265536}]},"property":"minecraft:trim_material","model":"slimefun:slimefun/armor/hazmat_suit/hazmat_helmet","tints":[{"type":"dye","default":-6265536}]}},{"threshold":2200229,"model":{"type":"model","cases":[{"model":{"type":"minecraft:model","model":"minecraft:item/leather_helmet_quartz_trim","tints":[{"type":"minecraft:dye","default":-6265536}]},"when":"minecraft:quartz"},{"model":{"type":"minecraft:model","model":"minecraft:item/leather_helmet_iron_trim","tints":[{"type":"minecraft:dye","default":-6265536}]},"when":"minecraft:iron"},{"model":{"type":"minecraft:model","model":"minecraft:item/leather_helmet_netherite_trim","tints":[{"type":"minecraft:dye","default":-6265536}]},"when":"minecraft:netherite"},{"model":{"type":"minecraft:model","model":"minecraft:item/leather_helmet_redstone_trim","tints":[{"type":"minecraft:dye","default":-6265536}]},"when":"minecraft:redstone"},{"model":{"type":"minecraft:model","model":"minecraft:item/leather_helmet_copper_trim","tints":[{"type":"minecraft:dye","default":-6265536}]},"when":"minecraft:copper"},{"model":{"type":"minecraft:model","model":"minecraft:item/leather_helmet_gold_trim","tints":[{"type":"minecraft:dye","default":-6265536}]},"when":"minecraft:gold"},{"model":{"type":"minecraft:model","model":"minecraft:item/leather_helmet_emerald_trim","tints":[{"type":"minecraft:dye","default":-6265536}]},"when":"minecraft:emerald"},{"model":{"type":"minecraft:model","model":"minecraft:item/leather_helmet_diamond_trim","tints":[{"type":"minecraft:dye","default":-6265536}]},"when":"minecraft:diamond"},{"model":{"type":"minecraft:model","model":"minecraft:item/leather_helmet_lapis_trim","tints":[{"type":"minecraft:dye","default":-6265536}]},"when":"minecraft:lapis"},{"model":{"type":"minecraft:model","model":"minecraft:item/leather_helmet_amethyst_trim","tints":[{"type":"minecraft:dye","default":-6265536}]},"when":"minecraft:amethyst"},{"model":{"type":"minecraft:model","model":"minecraft:item/leather_helmet_resin_trim","tints":[{"type":"minecraft:dye","default":-6265536}]},"when":"minecraft:resin"}],"fallback":{"type":"minecraft:model","model":"minecraft:item/leather_helmet","tints":[{"type":"minecraft:dye","default":-6265536}]},"property":"minecraft:trim_material","model":"slimefun:slimefun/technical_gadgets/night_vision_goggles","tints":[{"type":"dye","default":-6265536}]}},{"threshold":2200555,"model":{"type":"model","cases":[{"model":{"type":"minecraft:model","model":"minecraft:item/leather_helmet_quartz_trim","tints":[{"type":"minecraft:dye","default":-6265536}]},"when":"minecraft:quartz"},{"model":{"type":"minecraft:model","model":"minecraft:item/leather_helmet_iron_trim","tints":[{"type":"minecraft:dye","default":-6265536}]},"when":"minecraft:iron"},{"model":{"type":"minecraft:model","model":"minecraft:item/leather_helmet_netherite_trim","tints":[{"type":"minecraft:dye","default":-6265536}]},"when":"minecraft:netherite"},{"model":{"type":"minecraft:model","model":"minecraft:item/leather_helmet_redstone_trim","tints":[{"type":"minecraft:dye","default":-6265536}]},"when":"minecraft:redstone"},{"model":{"type":"minecraft:model","model":"minecraft:item/leather_helmet_copper_trim","tints":[{"type":"minecraft:dye","default":-6265536}]},"when":"minecraft:copper"},{"model":{"type":"minecraft:model","model":"minecraft:item/leather_helmet_gold_trim","tints":[{"type":"minecraft:dye","default":-6265536}]},"when":"minecraft:gold"},{"model":{"type":"minecraft:model","model":"minecraft:item/leather_helmet_emerald_trim","tints":[{"type":"minecraft:dye","default":-6265536}]},"when":"minecraft:emerald"},{"model":{"type":"minecraft:model","model":"minecraft:item/leather_helmet_diamond_trim","tints":[{"type":"minecraft:dye","default":-6265536}]},"when":"minecraft:diamond"},{"model":{"type":"minecraft:model","model":"minecraft:item/leather_helmet_lapis_trim","tints":[{"type":"minecraft:dye","default":-6265536}]},"when":"minecraft:lapis"},{"model":{"type":"minecraft:model","model":"minecraft:item/leather_helmet_amethyst_trim","tints":[{"type":"minecraft:dye","default":-6265536}]},"when":"minecraft:amethyst"},{"model":{"type":"minecraft:model","model":"minecraft:item/leather_helmet_resin_trim","tints":[{"type":"minecraft:dye","default":-6265536}]},"when":"minecraft:resin"}],"fallback":{"type":"minecraft:model","model":"minecraft:item/leather_helmet","tints":[{"type":"minecraft:dye","default":-6265536}]},"property":"minecraft:trim_material","model":"slimefun:slimefun/magical_armor/elytra_cap/elytra_cap","tints":[{"type":"dye","default":-6265536}]}},{"threshold":2200556,"model":{"type":"model","cases":[{"model":{"type":"minecraft:model","model":"minecraft:item/leather_helmet_quartz_trim","tints":[{"type":"minecraft:dye","default":-6265536}]},"when":"minecraft:quartz"},{"model":{"type":"minecraft:model","model":"minecraft:item/leather_helmet_iron_trim","tints":[{"type":"minecraft:dye","default":-6265536}]},"when":"minecraft:iron"},{"model":{"type":"minecraft:model","model":"minecraft:item/leather_helmet_netherite_trim","tints":[{"type":"minecraft:dye","default":-6265536}]},"when":"minecraft:netherite"},{"model":{"type":"minecraft:model","model":"minecraft:item/leather_helmet_redstone_trim","tints":[{"type":"minecraft:dye","default":-6265536}]},"when":"minecraft:redstone"},{"model":{"type":"minecraft:model","model":"minecraft:item/leather_helmet_copper_trim","tints":[{"type":"minecraft:dye","default":-6265536}]},"when":"minecraft:copper"},{"model":{"type":"minecraft:model","model":"minecraft:item/leather_helmet_gold_trim","tints":[{"type":"minecraft:dye","default":-6265536}]},"when":"minecraft:gold"},{"model":{"type":"minecraft:model","model":"minecraft:item/leather_helmet_emerald_trim","tints":[{"type":"minecraft:dye","default":-6265536}]},"when":"minecraft:emerald"},{"model":{"type":"minecraft:model","model":"minecraft:item/leather_helmet_diamond_trim","tints":[{"type":"minecraft:dye","default":-6265536}]},"when":"minecraft:diamond"},{"model":{"type":"minecraft:model","model":"minecraft:item/leather_helmet_lapis_trim","tints":[{"type":"minecraft:dye","default":-6265536}]},"when":"minecraft:lapis"},{"model":{"type":"minecraft:model","model":"minecraft:item/leather_helmet_amethyst_trim","tints":[{"type":"minecraft:dye","default":-6265536}]},"when":"minecraft:amethyst"},{"model":{"type":"minecraft:model","model":"minecraft:item/leather_helmet_resin_trim","tints":[{"type":"minecraft:dye","default":-6265536}]},"when":"minecraft:resin"}],"fallback":{"type":"minecraft:model","model":"minecraft:item/leather_helmet","tints":[{"type":"minecraft:dye","default":-6265536}]},"property":"minecraft:trim_material","model":"slimefun:slimefun/magical_armor/rainbow_armor/rainbow_helmet","tints":[{"type":"dye","default":-6265536}]}},{"threshold":2201211,"model":{"type":"model","cases":[{"model":{"type":"minecraft:model","model":"minecraft:item/leather_helmet_quartz_trim","tints":[{"type":"minecraft:dye","default":-6265536}]},"when":"minecraft:quartz"},{"model":{"type":"minecraft:model","model":"minecraft:item/leather_helmet_iron_trim","tints":[{"type":"minecraft:dye","default":-6265536}]},"when":"minecraft:iron"},{"model":{"type":"minecraft:model","model":"minecraft:item/leather_helmet_netherite_trim","tints":[{"type":"minecraft:dye","default":-6265536}]},"when":"minecraft:netherite"},{"model":{"type":"minecraft:model","model":"minecraft:item/leather_helmet_redstone_trim","tints":[{"type":"minecraft:dye","default":-6265536}]},"when":"minecraft:redstone"},{"model":{"type":"minecraft:model","model":"minecraft:item/leather_helmet_copper_trim","tints":[{"type":"minecraft:dye","default":-6265536}]},"when":"minecraft:copper"},{"model":{"type":"minecraft:model","model":"minecraft:item/leather_helmet_gold_trim","tints":[{"type":"minecraft:dye","default":-6265536}]},"when":"minecraft:gold"},{"model":{"type":"minecraft:model","model":"minecraft:item/leather_helmet_emerald_trim","tints":[{"type":"minecraft:dye","default":-6265536}]},"when":"minecraft:emerald"},{"model":{"type":"minecraft:model","model":"minecraft:item/leather_helmet_diamond_trim","tints":[{"type":"minecraft:dye","default":-6265536}]},"when":"minecraft:diamond"},{"model":{"type":"minecraft:model","model":"minecraft:item/leather_helmet_lapis_trim","tints":[{"type":"minecraft:dye","default":-6265536}]},"when":"minecraft:lapis"},{"model":{"type":"minecraft:model","model":"minecraft:item/leather_helmet_amethyst_trim","tints":[{"type":"minecraft:dye","default":-6265536}]},"when":"minecraft:amethyst"},{"model":{"type":"minecraft:model","model":"minecraft:item/leather_helmet_resin_trim","tints":[{"type":"minecraft:dye","default":-6265536}]},"when":"minecraft:resin"}],"fallback":{"type":"minecraft:model","model":"minecraft:item/leather_helmet","tints":[{"type":"minecraft:dye","default":-6265536}]},"property":"minecraft:trim_material","model":"extra_gear:armor/copper/copper_helmet","tints":[{"type":"dye","default":-6265536}]}},{"threshold":2203016,"model":{"type":"model","cases":[{"model":{"type":"minecraft:model","model":"minecraft:item/leather_helmet_quartz_trim","tints":[{"type":"minecraft:dye","default":-6265536}]},"when":"minecraft:quartz"},{"model":{"type":"minecraft:model","model":"minecraft:item/leather_helmet_iron_trim","tints":[{"type":"minecraft:dye","default":-6265536}]},"when":"minecraft:iron"},{"model":{"type":"minecraft:model","model":"minecraft:item/leather_helmet_netherite_trim","tints":[{"type":"minecraft:dye","default":-6265536}]},"when":"minecraft:netherite"},{"model":{"type":"minecraft:model","model":"minecraft:item/leather_helmet_redstone_trim","tints":[{"type":"minecraft:dye","default":-6265536}]},"when":"minecraft:redstone"},{"model":{"type":"minecraft:model","model":"minecraft:item/leather_helmet_copper_trim","tints":[{"type":"minecraft:dye","default":-6265536}]},"when":"minecraft:copper"},{"model":{"type":"minecraft:model","model":"minecraft:item/leather_helmet_gold_trim","tints":[{"type":"minecraft:dye","default":-6265536}]},"when":"minecraft:gold"},{"model":{"type":"minecraft:model","model":"minecraft:item/leather_helmet_emerald_trim","tints":[{"type":"minecraft:dye","default":-6265536}]},"when":"minecraft:emerald"},{"model":{"type":"minecraft:model","model":"minecraft:item/leather_helmet_diamond_trim","tints":[{"type":"minecraft:dye","default":-6265536}]},"when":"minecraft:diamond"},{"model":{"type":"minecraft:model","model":"minecraft:item/leather_helmet_lapis_trim","tints":[{"type":"minecraft:dye","default":-6265536}]},"when":"minecraft:lapis"},{"model":{"type":"minecraft:model","model":"minecraft:item/leather_helmet_amethyst_trim","tints":[{"type":"minecraft:dye","default":-6265536}]},"when":"minecraft:amethyst"},{"model":{"type":"minecraft:model","model":"minecraft:item/leather_helmet_resin_trim","tints":[{"type":"minecraft:dye","default":-6265536}]},"when":"minecraft:resin"}],"fallback":{"type":"minecraft:model","model":"minecraft:item/leather_helmet","tints":[{"type":"minecraft:dye","default":-6265536}]},"property":"minecraft:trim_material","model":"gastronomicon:tools/gn_chefs_hat","tints":[{"type":"dye","default":-6265536}]}},{"threshold":2301145,"model":{"type":"model","cases":[{"model":{"type":"minecraft:model","model":"minecraft:item/leather_helmet_quartz_trim","tints":[{"type":"minecraft:dye","default":-6265536}]},"when":"minecraft:quartz"},{"model":{"type":"minecraft:model","model":"minecraft:item/leather_helmet_iron_trim","tints":[{"type":"minecraft:dye","default":-6265536}]},"when":"minecraft:iron"},{"model":{"type":"minecraft:model","model":"minecraft:item/leather_helmet_netherite_trim","tints":[{"type":"minecraft:dye","default":-6265536}]},"when":"minecraft:netherite"},{"model":{"type":"minecraft:model","model":"minecraft:item/leather_helmet_redstone_trim","tints":[{"type":"minecraft:dye","default":-6265536}]},"when":"minecraft:redstone"},{"model":{"type":"minecraft:model","model":"minecraft:item/leather_helmet_copper_trim","tints":[{"type":"minecraft:dye","default":-6265536}]},"when":"minecraft:copper"},{"model":{"type":"minecraft:model","model":"minecraft:item/leather_helmet_gold_trim","tints":[{"type":"minecraft:dye","default":-6265536}]},"when":"minecraft:gold"},{"model":{"type":"minecraft:model","model":"minecraft:item/leather_helmet_emerald_trim","tints":[{"type":"minecraft:dye","default":-6265536}]},"when":"minecraft:emerald"},{"model":{"type":"minecraft:model","model":"minecraft:item/leather_helmet_diamond_trim","tints":[{"type":"minecraft:dye","default":-6265536}]},"when":"minecraft:diamond"},{"model":{"type":"minecraft:model","model":"minecraft:item/leather_helmet_lapis_trim","tints":[{"type":"minecraft:dye","default":-6265536}]},"when":"minecraft:lapis"},{"model":{"type":"minecraft:model","model":"minecraft:item/leather_helmet_amethyst_trim","tints":[{"type":"minecraft:dye","default":-6265536}]},"when":"minecraft:amethyst"},{"model":{"type":"minecraft:model","model":"minecraft:item/leather_helmet_resin_trim","tints":[{"type":"minecraft:dye","default":-6265536}]},"when":"minecraft:resin"}],"fallback":{"type":"minecraft:model","model":"minecraft:item/leather_helmet","tints":[{"type":"minecraft:dye","default":-6265536}]},"property":"minecraft:trim_material","model":"slimetinker:armour_building_guide/armour_helmet_dummy","tints":[{"type":"dye","default":-6265536}]}},{"threshold":2301146,"model":{"type":"model","cases":[{"model":{"type":"minecraft:model","model":"minecraft:item/leather_helmet_quartz_trim","tints":[{"type":"minecraft:dye","default":-6265536}]},"when":"minecraft:quartz"},{"model":{"type":"minecraft:model","model":"minecraft:item/leather_helmet_iron_trim","tints":[{"type":"minecraft:dye","default":-6265536}]},"when":"minecraft:iron"},{"model":{"type":"minecraft:model","model":"minecraft:item/leather_helmet_netherite_trim","tints":[{"type":"minecraft:dye","default":-6265536}]},"when":"minecraft:netherite"},{"model":{"type":"minecraft:model","model":"minecraft:item/leather_helmet_redstone_trim","tints":[{"type":"minecraft:dye","default":-6265536}]},"when":"minecraft:redstone"},{"model":{"type":"minecraft:model","model":"minecraft:item/leather_helmet_copper_trim","tints":[{"type":"minecraft:dye","default":-6265536}]},"when":"minecraft:copper"},{"model":{"type":"minecraft:model","model":"minecraft:item/leather_helmet_gold_trim","tints":[{"type":"minecraft:dye","default":-6265536}]},"when":"minecraft:gold"},{"model":{"type":"minecraft:model","model":"minecraft:item/leather_helmet_emerald_trim","tints":[{"type":"minecraft:dye","default":-6265536}]},"when":"minecraft:emerald"},{"model":{"type":"minecraft:model","model":"minecraft:item/leather_helmet_diamond_trim","tints":[{"type":"minecraft:dye","default":-6265536}]},"when":"minecraft:diamond"},{"model":{"type":"minecraft:model","model":"minecraft:item/leather_helmet_lapis_trim","tints":[{"type":"minecraft:dye","default":-6265536}]},"when":"minecraft:lapis"},{"model":{"type":"minecraft:model","model":"minecraft:item/leather_helmet_amethyst_trim","tints":[{"type":"minecraft:dye","default":-6265536}]},"when":"minecraft:amethyst"},{"model":{"type":"minecraft:model","model":"minecraft:item/leather_helmet_resin_trim","tints":[{"type":"minecraft:dye","default":-6265536}]},"when":"minecraft:resin"}],"fallback":{"type":"minecraft:model","model":"minecraft:item/leather_helmet","tints":[{"type":"minecraft:dye","default":-6265536}]},"property":"minecraft:trim_material","model":"item/leather_helmet","tints":[{"type":"dye","default":-6265536}]}}]},"oversized_in_gui":true}