{"model":{"type":"range_dispatch","property":"custom_model_data","index":0,"fallback":{"type":"minecraft:model","model":"minecraft:block/light_gray_stained_glass"},"entries":[{"threshold":2200333,"model":{"type":"model","model":"slimefun:slimefun/technical_components/hardened_glass"}},{"threshold":2200368,"model":{"type":"model","model":"slimefun:slimefun/energy/heated_pressure_chamber"}},{"threshold":2200369,"model":{"type":"model","model":"slimefun:slimefun/energy/heated_pressure_chamber_2"}},{"threshold":2200370,"model":{"type":"model","model":"item/light_gray_stained_glass"}}]},"oversized_in_gui":true}