{"model":{"type":"range_dispatch","property":"custom_model_data","index":0,"fallback":{"type":"minecraft:model","model":"minecraft:item/light_blue_stained_glass_pane"},"entries":[{"threshold":2305046,"model":{"type":"model","model":"minecraft:item/light_blue_stained_glass_pane"}},{"threshold":2305051,"model":{"type":"model","model":"minecraft:item/light_blue_stained_glass_pane"}},{"threshold":2305052,"model":{"type":"model","model":"item/light_blue_stained_glass_pane"}}]},"oversized_in_gui":true}