{"model":{"type":"range_dispatch","property":"custom_model_data","index":0,"fallback":{"type":"minecraft:model","model":"minecraft:block/light_blue_stained_glass"},"entries":[{"threshold":2200501,"model":{"type":"model","model":"slimefun:slimefun/energy/freezer"}},{"threshold":2200502,"model":{"type":"model","model":"slimefun:slimefun/energy/freezer_2"}},{"threshold":2200563,"model":{"type":"model","model":"slimefun:slimefun/energy/freezer_3"}},{"threshold":2200564,"model":{"type":"model","model":"item/light_blue_stained_glass"}}]},"oversized_in_gui":true}