{"model":{"type":"range_dispatch","property":"custom_model_data","index":0,"fallback":{"type":"minecraft:model","model":"minecraft:item/lily_pad","tints":[{"type":"minecraft:constant","value":-9321636}]},"entries":[{"threshold":2300031,"model":{"type":"model","model":"cultivation:products/clt_bay_leaf","tints":[{"type":"minecraft:constant","value":-9321636}]}},{"threshold":2300032,"model":{"type":"model","model":"item/lily_pad","tints":[{"type":"minecraft:constant","value":-9321636}]}}]},"oversized_in_gui":true}