{"model":{"type":"range_dispatch","property":"custom_model_data","index":0,"fallback":{"type":"minecraft:model","model":"minecraft:block/lime_terracotta"},"entries":[{"threshold":2200373,"model":{"type":"model","model":"slimefun:slimefun/energy/bio_reactor"}},{"threshold":2200499,"model":{"type":"model","model":"slimefun:slimefun/energy/crop_growth_accelerator"}},{"threshold":2200500,"model":{"type":"model","model":"slimefun:slimefun/energy/crop_growth_accelerator_2"}},{"threshold":2200501,"model":{"type":"model","model":"item/lime_terracotta"}}]},"oversized_in_gui":true}