{"model":{"type":"range_dispatch","property":"custom_model_data","index":0,"fallback":{"type":"minecraft:model","model":"minecraft:item/lime_stained_glass_pane"},"entries":[{"threshold":230525,"model":{"type":"model","model":"infinityexpansion2:icons/ui_producing"}},{"threshold":230526,"model":{"type":"model","model":"minecraft:item/lime_stained_glass_pane"}},{"threshold":2200007,"model":{"type":"model","model":"slimefun:slimefun/gui/_ui_previous_active"}},{"threshold":2200009,"model":{"type":"model","model":"slimefun:slimefun/gui/_ui_next_active"}},{"threshold":2305038,"model":{"type":"model","model":"minecraft:item/lime_stained_glass_pane"}},{"threshold":2305043,"model":{"type":"model","model":"minecraft:item/lime_stained_glass_pane"}},{"threshold":2305044,"model":{"type":"model","model":"minecraft:item/lime_stained_glass_pane"}},{"threshold":2305049,"model":{"type":"model","model":"minecraft:item/lime_stained_glass_pane"}},{"threshold":2305050,"model":{"type":"model","model":"minecraft:item/lime_stained_glass_pane"}},{"threshold":2305053,"model":{"type":"model","model":"minecraft:item/lime_stained_glass_pane"}},{"threshold":2305059,"model":{"type":"model","model":"minecraft:item/lime_stained_glass_pane"}},{"threshold":2305060,"model":{"type":"model","model":"item/lime_stained_glass_pane"}}]},"oversized_in_gui":true}