{"model":{"type":"range_dispatch","property":"custom_model_data","index":0,"fallback":{"type":"minecraft:model","model":"minecraft:block/lime_stained_glass"},"entries":[{"threshold":2305158,"model":{"type":"model","model":"minecraft:block/lime_stained_glass"}},{"threshold":2305159,"model":{"type":"model","model":"minecraft:block/lime_stained_glass"}},{"threshold":2305160,"model":{"type":"model","model":"minecraft:block/lime_stained_glass"}},{"threshold":2305161,"model":{"type":"model","model":"minecraft:block/lime_stained_glass"}},{"threshold":2305162,"model":{"type":"model","model":"item/lime_stained_glass"}}]},"oversized_in_gui":true}