{"model":{"type":"range_dispatch","property":"custom_model_data","index":0,"fallback":{"type":"minecraft:model","model":"minecraft:block/lodestone"},"entries":[{"threshold":2305171,"model":{"type":"model","model":"minecraft:block/lodestone"}},{"threshold":2305193,"model":{"type":"model","model":"minecraft:block/lodestone"}},{"threshold":2305208,"model":{"type":"model","model":"minecraft:block/lodestone"}},{"threshold":2305209,"model":{"type":"model","model":"item/lodestone"}}]},"oversized_in_gui":true}