{"model":{"type":"range_dispatch","property":"custom_model_data","index":0,"fallback":{"type":"minecraft:model","model":"minecraft:block/mangrove_leaves","tints":[{"type":"minecraft:constant","value":-7158200}]},"entries":[{"threshold":2300032,"model":{"type":"model","model":"cultivation:products/clt_cilantro","tints":[{"type":"minecraft:constant","value":-7158200}]}},{"threshold":2300050,"model":{"type":"model","model":"cultivation:products/clt_mint","tints":[{"type":"minecraft:constant","value":-7158200}]}},{"threshold":2300055,"model":{"type":"model","model":"cultivation:products/clt_shiso","tints":[{"type":"minecraft:constant","value":-7158200}]}},{"threshold":2300056,"model":{"type":"model","model":"item/mangrove_leaves","tints":[{"type":"minecraft:constant","value":-7158200}]}}]},"oversized_in_gui":true}