{"model":{"type":"range_dispatch","property":"custom_model_data","index":0,"fallback":{"type":"minecraft:model","model":"minecraft:block/melon"},"entries":[{"threshold":2203046,"model":{"type":"model","model":"gastronomicon:ingredient/gn_squash"}},{"threshold":2203082,"model":{"type":"model","model":"gastronomicon:ingredient/gn_cantaloupe"}},{"threshold":2203084,"model":{"type":"model","model":"gastronomicon:ingredient/gn_honeydew_melon"}},{"threshold":2203085,"model":{"type":"model","model":"item/melon"}}]},"oversized_in_gui":true}