{"model":{"type":"range_dispatch","property":"custom_model_data","index":0,"fallback":{"type":"minecraft:model","model":"minecraft:item/melon_seeds"},"entries":[{"threshold":2201579,"model":{"type":"model","model":"supreme:components/supreme_dust_netherite"}},{"threshold":2203045,"model":{"type":"model","model":"gastronomicon:ingredient/gn_turnip_seeds"}},{"threshold":2203050,"model":{"type":"model","model":"gastronomicon:ingredient/gn_bok_choy_seeds"}},{"threshold":2203052,"model":{"type":"model","model":"gastronomicon:ingredient/gn_broccoli_seeds"}},{"threshold":2203056,"model":{"type":"model","model":"gastronomicon:ingredient/gn_basil_seeds"}},{"threshold":2203061,"model":{"type":"model","model":"gastronomicon:ingredient/gn_mint_seeds"}},{"threshold":2203065,"model":{"type":"model","model":"gastronomicon:ingredient/gn_parsley_seeds"}},{"threshold":2203072,"model":{"type":"model","model":"gastronomicon:ingredient/gn_asparagus_seeds"}},{"threshold":2203074,"model":{"type":"model","model":"gastronomicon:ingredient/gn_green_onion_seeds"}},{"threshold":2300025,"model":{"type":"model","model":"cultivation:products/clt_rapeseed"}},{"threshold":2300071,"model":{"type":"model","model":"cultivation:products/clt_black_beans"}},{"threshold":2300074,"model":{"type":"model","model":"cultivation:products/clt_soy_beans"}},{"threshold":2300075,"model":{"type":"model","model":"cultivation:products/clt_pinto_beans"}},{"threshold":2300076,"model":{"type":"model","model":"item/melon_seeds"}}]},"oversized_in_gui":true}