{"model":{"type":"range_dispatch","property":"custom_model_data","index":0,"fallback":{"type":"minecraft:model","model":"minecraft:item/music_disc_strad"},"entries":[{"threshold":2201751,"model":{"type":"model","model":"supreme:machine_cards/supreme_card_stone"}},{"threshold":2201752,"model":{"type":"model","model":"supreme:machine_cards/supreme_card_granite"}},{"threshold":2201753,"model":{"type":"model","model":"supreme:machine_cards/supreme_card_diorite"}},{"threshold":2201754,"model":{"type":"model","model":"supreme:machine_cards/supreme_card_andesite"}},{"threshold":2201755,"model":{"type":"model","model":"supreme:machine_cards/supreme_card_gravel"}},{"threshold":2201756,"model":{"type":"model","model":"supreme:machine_cards/supreme_card_sand"}},{"threshold":2201757,"model":{"type":"model","model":"supreme:machine_cards/supreme_card_endstone"}},{"threshold":2201758,"model":{"type":"model","model":"supreme:machine_cards/supreme_card_clay"}},{"threshold":2201759,"model":{"type":"model","model":"supreme:machine_cards/supreme_card_snow"}},{"threshold":2201760,"model":{"type":"model","model":"supreme:machine_cards/supreme_card_nether_star"}},{"threshold":2201761,"model":{"type":"model","model":"supreme:machine_cards/supreme_card_wither_rose"}},{"threshold":2201762,"model":{"type":"model","model":"supreme:machine_cards/supreme_card_slime_ball"}},{"threshold":2201763,"model":{"type":"model","model":"supreme:machine_cards/supreme_card_ink_sac"}},{"threshold":2201764,"model":{"type":"model","model":"supreme:machine_cards/supreme_card_glow_ink_sac"}},{"threshold":2201765,"model":{"type":"model","model":"supreme:machine_cards/supreme_card_honey_bottle"}},{"threshold":2201980,"model":{"type":"model","model":"supreme:machine_cards/supreme_card_apple"}},{"threshold":2201981,"model":{"type":"model","model":"item/music_disc_strad"}}]},"oversized_in_gui":true}