{"model":{"type":"range_dispatch","property":"custom_model_data","index":0,"fallback":{"type":"minecraft:model","model":"minecraft:item/music_disc_chirp"},"entries":[{"threshold":2201800,"model":{"type":"model","model":"supreme:machine_cards/supreme_card_aluminum_bronze"}},{"threshold":2201801,"model":{"type":"model","model":"supreme:machine_cards/supreme_card_aluminum_brass"}},{"threshold":2201802,"model":{"type":"model","model":"supreme:machine_cards/supreme_card_corinthian_bronze"}},{"threshold":2201803,"model":{"type":"model","model":"supreme:machine_cards/supreme_card_gold24k"}},{"threshold":2201804,"model":{"type":"model","model":"supreme:machine_cards/supreme_card_carbon_press"}},{"threshold":2201807,"model":{"type":"model","model":"supreme:machine_cards/supreme_card_battery"}},{"threshold":2201808,"model":{"type":"model","model":"supreme:machine_cards/supreme_card_magnet"}},{"threshold":2201809,"model":{"type":"model","model":"supreme:machine_cards/supreme_card_plastic_sheet"}},{"threshold":2201810,"model":{"type":"model","model":"supreme:machine_cards/supreme_card_hardened_metal"}},{"threshold":2201811,"model":{"type":"model","model":"supreme:machine_cards/supreme_card_redstone_alloy"}},{"threshold":2201812,"model":{"type":"model","model":"item/music_disc_chirp"}}]},"oversized_in_gui":true}