{"model":{"type":"range_dispatch","property":"custom_model_data","index":0,"fallback":{"type":"minecraft:model","model":"minecraft:item/music_disc_mall"},"entries":[{"threshold":2201578,"model":{"type":"model","model":"supreme:components/supreme_center_card_ultimate"}},{"threshold":2201805,"model":{"type":"model","model":"supreme:machine_cards/supreme_card_synthetic_sapphire"}},{"threshold":2201806,"model":{"type":"model","model":"supreme:machine_cards/supreme_card_synthetic_emerald"}},{"threshold":2201812,"model":{"type":"model","model":"supreme:machine_cards/supreme_card_electro_magnet"}},{"threshold":2201813,"model":{"type":"model","model":"supreme:machine_cards/supreme_card_electric_motor"}},{"threshold":2201814,"model":{"type":"model","model":"supreme:machine_cards/supreme_card_heating_coil"}},{"threshold":2201815,"model":{"type":"model","model":"supreme:machine_cards/supreme_card_synthetic_diamond"}},{"threshold":2201816,"model":{"type":"model","model":"item/music_disc_mall"}}]},"oversized_in_gui":true}