{"model":{"type":"range_dispatch","property":"custom_model_data","index":0,"fallback":{"type":"minecraft:model","model":"minecraft:item/music_disc_far"},"entries":[{"threshold":2201774,"model":{"type":"model","model":"supreme:machine_cards/supreme_card_diamond"}},{"threshold":2201775,"model":{"type":"model","model":"supreme:machine_cards/supreme_card_emerald"}},{"threshold":2201776,"model":{"type":"model","model":"supreme:machine_cards/supreme_card_netherite"}},{"threshold":2201777,"model":{"type":"model","model":"supreme:machine_cards/supreme_card_amethyst"}},{"threshold":2201981,"model":{"type":"model","model":"supreme:machine_cards/supreme_card_blaze_rod"}},{"threshold":2201982,"model":{"type":"model","model":"item/music_disc_far"}}]},"oversized_in_gui":true}