{"model":{"type":"range_dispatch","property":"custom_model_data","index":0,"fallback":{"type":"minecraft:model","model":"minecraft:item/music_disc_13"},"entries":[{"threshold":2201766,"model":{"type":"model","model":"supreme:machine_cards/supreme_card_coal"}},{"threshold":2201767,"model":{"type":"model","model":"supreme:machine_cards/supreme_card_iron"}},{"threshold":2201768,"model":{"type":"model","model":"supreme:machine_cards/supreme_card_copper"}},{"threshold":2201769,"model":{"type":"model","model":"supreme:machine_cards/supreme_card_gold"}},{"threshold":2201770,"model":{"type":"model","model":"supreme:machine_cards/supreme_card_quartz"}},{"threshold":2201771,"model":{"type":"model","model":"supreme:machine_cards/supreme_card_quartz_block"}},{"threshold":2201772,"model":{"type":"model","model":"supreme:machine_cards/supreme_card_lapis"}},{"threshold":2201773,"model":{"type":"model","model":"supreme:machine_cards/supreme_card_redstone"}},{"threshold":2201774,"model":{"type":"model","model":"item/music_disc_13"}}]},"oversized_in_gui":true}