{"model":{"type":"range_dispatch","property":"custom_model_data","index":0,"fallback":{"type":"minecraft:model","model":"minecraft:item/music_disc_blocks"},"entries":[{"threshold":2201787,"model":{"type":"model","model":"supreme:machine_cards/supreme_card_solder"}},{"threshold":2201788,"model":{"type":"model","model":"supreme:machine_cards/supreme_card_billon"}},{"threshold":2201789,"model":{"type":"model","model":"supreme:machine_cards/supreme_card_bronze"}},{"threshold":2201790,"model":{"type":"model","model":"supreme:machine_cards/supreme_card_brass"}},{"threshold":2201791,"model":{"type":"model","model":"supreme:machine_cards/supreme_card_sulfate"}},{"threshold":2201792,"model":{"type":"model","model":"supreme:machine_cards/supreme_card_carbon"}},{"threshold":2201793,"model":{"type":"model","model":"supreme:machine_cards/supreme_card_silicon"}},{"threshold":2201794,"model":{"type":"model","model":"supreme:machine_cards/supreme_card_steel"}},{"threshold":2201795,"model":{"type":"model","model":"supreme:machine_cards/supreme_card_nickel"}},{"threshold":2201796,"model":{"type":"model","model":"supreme:machine_cards/supreme_card_duralumin"}},{"threshold":2201797,"model":{"type":"model","model":"supreme:machine_cards/supreme_card_ferrosilicon"}},{"threshold":2201798,"model":{"type":"model","model":"supreme:machine_cards/supreme_card_damascus"}},{"threshold":2201799,"model":{"type":"model","model":"supreme:machine_cards/supreme_card_cobalt"}},{"threshold":2201800,"model":{"type":"model","model":"item/music_disc_blocks"}}]},"oversized_in_gui":true}