{"model":{"type":"range_dispatch","property":"custom_model_data","index":0,"fallback":{"type":"minecraft:model","model":"minecraft:item/music_disc_mellohi"},"entries":[{"threshold":2201778,"model":{"type":"model","model":"supreme:machine_cards/supreme_card_iron_dust"}},{"threshold":2201779,"model":{"type":"model","model":"supreme:machine_cards/supreme_card_lead_dust"}},{"threshold":2201780,"model":{"type":"model","model":"supreme:machine_cards/supreme_card_gold_dust"}},{"threshold":2201781,"model":{"type":"model","model":"supreme:machine_cards/supreme_card_copper_dust"}},{"threshold":2201782,"model":{"type":"model","model":"supreme:machine_cards/supreme_card_magnesium_dust"}},{"threshold":2201783,"model":{"type":"model","model":"supreme:machine_cards/supreme_card_aluminum_dust"}},{"threshold":2201784,"model":{"type":"model","model":"supreme:machine_cards/supreme_card_silver_dust"}},{"threshold":2201785,"model":{"type":"model","model":"supreme:machine_cards/supreme_card_tin_dust"}},{"threshold":2201786,"model":{"type":"model","model":"supreme:machine_cards/supreme_card_zinc_dust"}},{"threshold":2201787,"model":{"type":"model","model":"item/music_disc_mellohi"}}]},"oversized_in_gui":true}