{"model":{"type":"range_dispatch","property":"custom_model_data","index":0,"fallback":{"type":"minecraft:model","model":"minecraft:item/netherite_axe"},"entries":[{"threshold":2200650,"model":{"type":"model","model":"infinityexpansion:tools/nature_ruin"}},{"threshold":2201298,"model":{"type":"model","model":"fluffymachines:wrenches/carbonado_fluffy_wrench"}},{"threshold":2201302,"model":{"type":"model","model":"fluffymachines:tools/netherite_paxel"}},{"threshold":2201910,"model":{"type":"model","model":"supreme:weapons/axe/supreme_axe_thornium"}},{"threshold":2201911,"model":{"type":"model","model":"supreme:weapons/axe/supreme_axe_magic"}},{"threshold":2201912,"model":{"type":"model","model":"supreme:weapons/axe/supreme_axe_rare"}},{"threshold":2201913,"model":{"type":"model","model":"supreme:weapons/axe/supreme_axe_epic"}},{"threshold":2201914,"model":{"type":"model","model":"supreme:weapons/axe/supreme_axe_legendary"}},{"threshold":2201915,"model":{"type":"model","model":"supreme:weapons/axe/supreme_axe_supreme"}},{"threshold":2305127,"model":{"type":"model","model":"infinityexpansion2:tools/infinity_axe"}},{"threshold":2305128,"model":{"type":"model","model":"item/netherite_axe"}}]},"oversized_in_gui":true}