{"model":{"type":"range_dispatch","property":"custom_model_data","index":0,"fallback":{"type":"minecraft:model","model":"minecraft:item/nether_brick"},"entries":[{"threshold":2200611,"model":{"type":"model","model":"infinityexpansion:materials/magnonium"}},{"threshold":2201289,"model":{"type":"model","model":"fluffymachines:portable_chargers/large_portable_charger"}},{"threshold":2305070,"model":{"type":"model","model":"infinityexpansion2:materials/magnonium"}},{"threshold":2305071,"model":{"type":"model","model":"item/nether_brick"}}]},"oversized_in_gui":true}