{"model":{"type":"range_dispatch","property":"custom_model_data","index":0,"fallback":{"type":"minecraft:model","model":"minecraft:item/netherite_pickaxe"},"entries":[{"threshold":2200649,"model":{"type":"model","model":"infinityexpansion:tools/world_breaker"}},{"threshold":2201302,"model":{"type":"model","model":"fluffymachines:tools/netherite_paxel"}},{"threshold":2201919,"model":{"type":"model","model":"supreme:weapons/pickaxe/supreme_pickaxe_thornium"}},{"threshold":2201920,"model":{"type":"model","model":"supreme:weapons/pickaxe/supreme_pickaxe_magic"}},{"threshold":2201921,"model":{"type":"model","model":"supreme:weapons/pickaxe/supreme_pickaxe_rare"}},{"threshold":2201922,"model":{"type":"model","model":"supreme:weapons/pickaxe/supreme_pickaxe_epic"}},{"threshold":2201923,"model":{"type":"model","model":"supreme:weapons/pickaxe/supreme_pickaxe_legendary"}},{"threshold":2201924,"model":{"type":"model","model":"supreme:weapons/pickaxe/supreme_pickaxe_supreme"}},{"threshold":2305126,"model":{"type":"model","model":"infinityexpansion2:tools/infinity_pickaxe"}},{"threshold":2305127,"model":{"type":"model","model":"item/netherite_pickaxe"}}]},"oversized_in_gui":true}