{"model":{"type":"range_dispatch","property":"custom_model_data","index":0,"fallback":{"type":"minecraft:model","model":"minecraft:item/netherite_shovel"},"entries":[{"threshold":2200651,"model":{"type":"model","model":"infinityexpansion:tools/mountain_eater"}},{"threshold":2201302,"model":{"type":"model","model":"fluffymachines:tools/netherite_paxel"}},{"threshold":2201928,"model":{"type":"model","model":"supreme:weapons/shovel/supreme_shovel_thornium"}},{"threshold":2201929,"model":{"type":"model","model":"supreme:weapons/shovel/supreme_shovel_magic"}},{"threshold":2201930,"model":{"type":"model","model":"supreme:weapons/shovel/supreme_shovel_rare"}},{"threshold":2201931,"model":{"type":"model","model":"supreme:weapons/shovel/supreme_shovel_epic"}},{"threshold":2201932,"model":{"type":"model","model":"supreme:weapons/shovel/supreme_shovel_legendary"}},{"threshold":2201933,"model":{"type":"model","model":"supreme:weapons/shovel/supreme_shovel_supreme"}},{"threshold":2305128,"model":{"type":"model","model":"infinityexpansion2:tools/infinity_shovel"}},{"threshold":2305129,"model":{"type":"model","model":"item/netherite_shovel"}}]},"oversized_in_gui":true}