{"model":{"type":"range_dispatch","property":"custom_model_data","index":0,"fallback":{"type":"minecraft:model","model":"minecraft:item/netherite_ingot"},"entries":[{"threshold":2200619,"model":{"type":"model","model":"infinityexpansion:materials/void_ingot"}},{"threshold":2201290,"model":{"type":"model","model":"fluffymachines:portable_chargers/carbonado_portable_charger"}},{"threshold":2201531,"model":{"type":"model","model":"supreme:components/supreme_alloy_adamantium"}},{"threshold":2201547,"model":{"type":"model","model":"supreme:components/supreme_thornium_carbonado"}},{"threshold":2201548,"model":{"type":"model","model":"supreme:components/supreme_thornium_energized"}},{"threshold":2201549,"model":{"type":"model","model":"supreme:components/supreme_thornerite"}},{"threshold":2202067,"model":{"type":"model","model":"slimefunwarfare:resources/neodymium_ingot"}},{"threshold":2202070,"model":{"type":"model","model":"slimefunwarfare:resources/dysprosium_ingot"}},{"threshold":2202076,"model":{"type":"model","model":"slimefunwarfare:general/ndfeb_alloy"}},{"threshold":2305073,"model":{"type":"model","model":"infinityexpansion2:materials/void_ingot"}},{"threshold":2305084,"model":{"type":"model","model":"infinityexpansion2:materials/unknown_smithing_template"}},{"threshold":2305085,"model":{"type":"model","model":"item/netherite_ingot"}}]},"oversized_in_gui":true}