{"model":{"type":"range_dispatch","property":"custom_model_data","index":0,"fallback":{"type":"minecraft:model","model":"minecraft:item/nether_star"},"entries":[{"threshold":2200602,"model":{"type":"model","model":"infinityexpansion:singularities/earth_singularity"}},{"threshold":2200605,"model":{"type":"model","model":"infinityexpansion:singularities/fortune_singularity"}},{"threshold":2200607,"model":{"type":"model","model":"infinityexpansion:materials/infinity_matrix"}},{"threshold":2200610,"model":{"type":"model","model":"infinityexpansion:singularities/magic_singularity"}},{"threshold":2200614,"model":{"type":"model","model":"infinityexpansion:singularities/metal_singularity"}},{"threshold":2300056,"model":{"type":"model","model":"cultivation:products/clt_star_anise"}},{"threshold":2305002,"model":{"type":"model","model":"minecraft:item/nether_star"}},{"threshold":2305101,"model":{"type":"model","model":"infinityexpansion2:singularities/fortune_singularity"}},{"threshold":2305102,"model":{"type":"model","model":"infinityexpansion2:singularities/magic_singularity"}},{"threshold":2305103,"model":{"type":"model","model":"infinityexpansion2:singularities/earth_singularity"}},{"threshold":2305104,"model":{"type":"model","model":"infinityexpansion2:singularities/metal_singularity"}},{"threshold":2305130,"model":{"type":"model","model":"infinityexpansion2:tools/infinity_matrix"}},{"threshold":2305131,"model":{"type":"model","model":"item/nether_star"}}]},"oversized_in_gui":true}