{"model":{"type":"range_dispatch","property":"custom_model_data","index":0,"fallback":{"type":"minecraft:model","model":"minecraft:block/oak_leaves","tints":[{"type":"minecraft:constant","value":-12012264}]},"entries":[{"threshold":2300054,"model":{"type":"model","model":"cultivation:products/clt_sassafras","tints":[{"type":"minecraft:constant","value":-12012264}]}},{"threshold":2300055,"model":{"type":"model","model":"item/oak_leaves","tints":[{"type":"minecraft:constant","value":-12012264}]}}]},"oversized_in_gui":true}