{"model":{"type":"range_dispatch","property":"custom_model_data","index":0,"fallback":{"type":"minecraft:model","model":"minecraft:item/oak_sapling"},"entries":[{"threshold":2200975,"model":{"type":"model","model":"exotic_garden:fruits/oak_apple_sapling"}},{"threshold":2200977,"model":{"type":"model","model":"exotic_garden:fruits/black_pepper_bush"}},{"threshold":2200979,"model":{"type":"model","model":"exotic_garden:fruits/blackberry_bush"}},{"threshold":2200981,"model":{"type":"model","model":"exotic_garden:fruits/blueberry_bush"}},{"threshold":2200983,"model":{"type":"model","model":"exotic_garden:fruits/cabbage_bush"}},{"threshold":2200985,"model":{"type":"model","model":"exotic_garden:fruits/cherry_sapling"}},{"threshold":2200987,"model":{"type":"model","model":"exotic_garden:fruits/cilantro_bush"}},{"threshold":2200989,"model":{"type":"model","model":"exotic_garden:fruits/coconut_sapling"}},{"threshold":2200991,"model":{"type":"model","model":"exotic_garden:fruits/corn_bush"}},{"threshold":2200993,"model":{"type":"model","model":"exotic_garden:fruits/cowberry_bush"}},{"threshold":2200995,"model":{"type":"model","model":"exotic_garden:fruits/cranberry_bush"}},{"threshold":2200997,"model":{"type":"model","model":"exotic_garden:fruits/curry_leaf_bush"}},{"threshold":2200999,"model":{"type":"model","model":"exotic_garden:fruits/dragon_fruit_sapling"}},{"threshold":2201001,"model":{"type":"model","model":"exotic_garden:fruits/elderberry_bush"}},{"threshold":2201003,"model":{"type":"model","model":"exotic_garden:fruits/garlic_bush"}},{"threshold":2201005,"model":{"type":"model","model":"exotic_garden:fruits/grape_bush"}},{"threshold":2201008,"model":{"type":"model","model":"exotic_garden:fruits/lemon_sapling"}},{"threshold":2201010,"model":{"type":"model","model":"exotic_garden:fruits/lettuce_bush"}},{"threshold":2201012,"model":{"type":"model","model":"exotic_garden:fruits/lime_sapling"}},{"threshold":2201014,"model":{"type":"model","model":"exotic_garden:fruits/mustard_seed_bush"}},{"threshold":2201016,"model":{"type":"model","model":"exotic_garden:fruits/onion_bush"}},{"threshold":2201018,"model":{"type":"model","model":"exotic_garden:fruits/orange_sapling"}},{"threshold":2201020,"model":{"type":"model","model":"exotic_garden:fruits/peach_sapling"}},{"threshold":2201022,"model":{"type":"model","model":"exotic_garden:fruits/pear_sapling"}},{"threshold":2201024,"model":{"type":"model","model":"exotic_garden:fruits/pineapple_bush"}},{"threshold":2201026,"model":{"type":"model","model":"exotic_garden:fruits/plum_sapling"}},{"threshold":2201028,"model":{"type":"model","model":"exotic_garden:fruits/pomegranate_sapling"}},{"threshold":2201030,"model":{"type":"model","model":"exotic_garden:fruits/raspberry_bush"}},{"threshold":2201032,"model":{"type":"model","model":"exotic_garden:fruits/strawberry_bush"}},{"threshold":2201034,"model":{"type":"model","model":"exotic_garden:fruits/sweet_potato_bush"}},{"threshold":2201036,"model":{"type":"model","model":"exotic_garden:fruits/tea_leaf_bush"}},{"threshold":2201038,"model":{"type":"model","model":"exotic_garden:fruits/tomato_bush"}},{"threshold":2201040,"model":{"type":"model","model":"exotic_garden:plants/coal_plant"}},{"threshold":2201042,"model":{"type":"model","model":"exotic_garden:plants/diamond_plant"}},{"threshold":2201044,"model":{"type":"model","model":"exotic_garden:plants/emerald_plant"}},{"threshold":2201046,"model":{"type":"model","model":"exotic_garden:plants/ender_plant"}},{"threshold":2201053,"model":{"type":"model","model":"exotic_garden:plants/glowstone_plant"}},{"threshold":2201055,"model":{"type":"model","model":"exotic_garden:plants/gold_plant"}},{"threshold":2201057,"model":{"type":"model","model":"exotic_garden:plants/iron_plant"}},{"threshold":2201059,"model":{"type":"model","model":"exotic_garden:plants/lapis_plant"}},{"threshold":2201061,"model":{"type":"model","model":"exotic_garden:plants/obsidian_plant"}},{"threshold":2201062,"model":{"type":"model","model":"exotic_garden:plants/aluminum_plant"}},{"threshold":2201063,"model":{"type":"model","model":"exotic_garden:plants/copper_plant"}},{"threshold":2201064,"model":{"type":"model","model":"exotic_garden:plants/lead_plant"}},{"threshold":2201065,"model":{"type":"model","model":"exotic_garden:plants/silver_plant"}},{"threshold":2201066,"model":{"type":"model","model":"exotic_garden:plants/tin_plant"}},{"threshold":2201068,"model":{"type":"model","model":"exotic_garden:plants/quartz_plant"}},{"threshold":2201070,"model":{"type":"model","model":"exotic_garden:plants/redstone_plant"}},{"threshold":2201072,"model":{"type":"model","model":"exotic_garden:plants/slime_plant"}},{"threshold":2201085,"model":{"type":"model","model":"exotic_garden:fruits/red_bell_pepper_bush"}},{"threshold":2201091,"model":{"type":"model","model":"exotic_garden:plants/dirt_plant"}},{"threshold":2201093,"model":{"type":"model","model":"exotic_garden:plants/netherite_plant"}},{"threshold":2203051,"model":{"type":"model","model":"gastronomicon:ingredient/gn_broccoli"}},{"threshold":2203090,"model":{"type":"model","model":"gastronomicon:ingredient/gn_lychee_sapling"}},{"threshold":2203092,"model":{"type":"model","model":"gastronomicon:ingredient/gn_banana_sapling"}},{"threshold":2203093,"model":{"type":"model","model":"item/oak_sapling"}}]},"oversized_in_gui":true}