{"model":{"type":"range_dispatch","property":"custom_model_data","index":0,"fallback":{"type":"minecraft:model","model":"minecraft:block/obsidian"},"entries":[{"threshold":2200336,"model":{"type":"model","model":"slimefun:slimefun/technical_components/wither_proof_obsidian"}},{"threshold":2200526,"model":{"type":"model","model":"slimefun:slimefun/energy/wither_assembler"}},{"threshold":2301007,"model":{"type":"model","model":"slimetinker:materials/mod_plate"}},{"threshold":2305162,"model":{"type":"model","model":"minecraft:block/obsidian"}},{"threshold":2305163,"model":{"type":"model","model":"minecraft:block/obsidian"}},{"threshold":2305164,"model":{"type":"model","model":"item/obsidian"}}]},"oversized_in_gui":true}