{"model":{"type":"range_dispatch","property":"custom_model_data","index":0,"fallback":{"type":"minecraft:model","model":"minecraft:block/orange_carpet"},"entries":[{"threshold":2301101,"model":{"type":"model","model":"slimetinker:casts/cast_shovelhead"}},{"threshold":2301102,"model":{"type":"model","model":"slimetinker:casts/cast_pickaxehead"}},{"threshold":2301103,"model":{"type":"model","model":"slimetinker:casts/cast_axe_head"}},{"threshold":2301104,"model":{"type":"model","model":"slimetinker:casts/cast_hoehead"}},{"threshold":2301105,"model":{"type":"model","model":"slimetinker:casts/cast_swordblade"}},{"threshold":2301106,"model":{"type":"model","model":"slimetinker:casts/cast_toolrod"}},{"threshold":2301107,"model":{"type":"model","model":"slimetinker:casts/cast_helm_plate"}},{"threshold":2301108,"model":{"type":"model","model":"slimetinker:casts/cast_chest_plate"}},{"threshold":2301109,"model":{"type":"model","model":"slimetinker:casts/cast_leg_plate"}},{"threshold":2301110,"model":{"type":"model","model":"slimetinker:casts/cast_boot_plate"}},{"threshold":2301111,"model":{"type":"model","model":"slimetinker:casts/cast_mail_link"}},{"threshold":2301112,"model":{"type":"model","model":"item/orange_carpet"}}]},"oversized_in_gui":true}