{"model":{"type":"range_dispatch","property":"custom_model_data","index":0,"fallback":{"type":"minecraft:model","model":"minecraft:item/pink_dye"},"entries":[{"threshold":2201540,"model":{"type":"model","model":"supreme:components/supreme_synthetic_ruby"}},{"threshold":2301063,"model":{"type":"model","model":"slimetinker:materials/nuggets/nugget_cast_fondness"}},{"threshold":2301065,"model":{"type":"model","model":"slimetinker:materials/nuggets/nugget_cast_devotion"}},{"threshold":2301067,"model":{"type":"model","model":"slimetinker:materials/nuggets/nugget_cast_passion"}},{"threshold":2301069,"model":{"type":"model","model":"slimetinker:materials/nuggets/nugget_cast_love"}},{"threshold":2301071,"model":{"type":"model","model":"slimetinker:materials/blocks/block_cast_love"}},{"threshold":2301072,"model":{"type":"model","model":"item/pink_dye"}}]},"oversized_in_gui":true}