{"model":{"type":"range_dispatch","property":"custom_model_data","index":0,"fallback":{"type":"minecraft:model","model":"minecraft:block/piston_inventory"},"entries":[{"threshold":2200029,"model":{"type":"model","model":"slimefun:slimefun/basic_machines/compressor"}},{"threshold":2200457,"model":{"type":"model","model":"slimefun:slimefun/energy/refinery"}},{"threshold":2305033,"model":{"type":"model","model":"minecraft:block/piston_inventory"}},{"threshold":2305034,"model":{"type":"model","model":"item/piston"}}]},"oversized_in_gui":true}