{"model":{"type":"range_dispatch","property":"custom_model_data","index":0,"fallback":{"type":"minecraft:model","model":"minecraft:item/potion","tints":[{"type":"minecraft:potion","default":-13083194}]},"entries":[{"threshold":230529,"model":{"type":"model","model":"minecraft:item/potion","tints":[{"type":"minecraft:potion","default":-13083194}]}},{"threshold":2200228,"model":{"type":"model","model":"slimefun:slimefun/items/medicine","tints":[{"type":"minecraft:potion","default":-13083194}]}},{"threshold":2200284,"model":{"type":"model","model":"slimefun:slimefun/food/apple_juice","tints":[{"type":"minecraft:potion","default":-13083194}]}},{"threshold":2200285,"model":{"type":"model","model":"slimefun:slimefun/food/carrot_juice","tints":[{"type":"minecraft:potion","default":-13083194}]}},{"threshold":2200286,"model":{"type":"model","model":"slimefun:slimefun/food/melon_juice","tints":[{"type":"minecraft:potion","default":-13083194}]}},{"threshold":2200287,"model":{"type":"model","model":"slimefun:slimefun/food/pumpkin_juice","tints":[{"type":"minecraft:potion","default":-13083194}]}},{"threshold":2200288,"model":{"type":"model","model":"slimefun:slimefun/food/sweet_berry_juice","tints":[{"type":"minecraft:potion","default":-13083194}]}},{"threshold":2200289,"model":{"type":"model","model":"slimefun:slimefun/food/golden_apple_juice","tints":[{"type":"minecraft:potion","default":-13083194}]}},{"threshold":2200316,"model":{"type":"model","model":"slimefun:slimefun/christmas/christmas_milk","tints":[{"type":"minecraft:potion","default":-13083194}]}},{"threshold":2200317,"model":{"type":"model","model":"slimefun:slimefun/christmas/christmas_chocolate_milk","tints":[{"type":"minecraft:potion","default":-13083194}]}},{"threshold":2200318,"model":{"type":"model","model":"slimefun:slimefun/christmas/christmas_egg_nog","tints":[{"type":"minecraft:potion","default":-13083194}]}},{"threshold":2200319,"model":{"type":"model","model":"slimefun:slimefun/christmas/christmas_apple_cider","tints":[{"type":"minecraft:potion","default":-13083194}]}},{"threshold":2200323,"model":{"type":"model","model":"slimefun:slimefun/christmas/christmas_hot_chocolate","tints":[{"type":"minecraft:potion","default":-13083194}]}},{"threshold":2200550,"model":{"type":"model","model":"slimefun:slimefun/food/glow_berry_juice","tints":[{"type":"minecraft:potion","default":-13083194}]}},{"threshold":2200830,"model":{"type":"model","model":"exotic_garden:drinks/blackberry_juice","tints":[{"type":"minecraft:potion","default":-13083194}]}},{"threshold":2200831,"model":{"type":"model","model":"exotic_garden:drinks/blackberry_smoothie","tints":[{"type":"minecraft:potion","default":-13083194}]}},{"threshold":2200832,"model":{"type":"model","model":"exotic_garden:drinks/blueberry_juice","tints":[{"type":"minecraft:potion","default":-13083194}]}},{"threshold":2200833,"model":{"type":"model","model":"exotic_garden:drinks/blueberry_smoothie","tints":[{"type":"minecraft:potion","default":-13083194}]}},{"threshold":2200834,"model":{"type":"model","model":"exotic_garden:drinks/cherry_iced_tea","tints":[{"type":"minecraft:potion","default":-13083194}]}},{"threshold":2200835,"model":{"type":"model","model":"exotic_garden:drinks/cherry_juice","tints":[{"type":"minecraft:potion","default":-13083194}]}},{"threshold":2200836,"model":{"type":"model","model":"exotic_garden:drinks/coconut_milk","tints":[{"type":"minecraft:potion","default":-13083194}]}},{"threshold":2200837,"model":{"type":"model","model":"exotic_garden:drinks/cowberry_juice","tints":[{"type":"minecraft:potion","default":-13083194}]}},{"threshold":2200838,"model":{"type":"model","model":"exotic_garden:drinks/cowberry_smoothie","tints":[{"type":"minecraft:potion","default":-13083194}]}},{"threshold":2200839,"model":{"type":"model","model":"exotic_garden:drinks/cranberry_juice","tints":[{"type":"minecraft:potion","default":-13083194}]}},{"threshold":2200840,"model":{"type":"model","model":"exotic_garden:drinks/cranberry_smoothie","tints":[{"type":"minecraft:potion","default":-13083194}]}},{"threshold":2200841,"model":{"type":"model","model":"exotic_garden:drinks/dragon_fruit_juice","tints":[{"type":"minecraft:potion","default":-13083194}]}},{"threshold":2200842,"model":{"type":"model","model":"exotic_garden:drinks/elderberry_juice","tints":[{"type":"minecraft:potion","default":-13083194}]}},{"threshold":2200843,"model":{"type":"model","model":"exotic_garden:drinks/elderberry_smoothie","tints":[{"type":"minecraft:potion","default":-13083194}]}},{"threshold":2200844,"model":{"type":"model","model":"exotic_garden:drinks/grape_juice","tints":[{"type":"minecraft:potion","default":-13083194}]}},{"threshold":2200845,"model":{"type":"model","model":"exotic_garden:drinks/grape_smoothie","tints":[{"type":"minecraft:potion","default":-13083194}]}},{"threshold":2200847,"model":{"type":"model","model":"exotic_garden:drinks/lemon_iced_tea","tints":[{"type":"minecraft:potion","default":-13083194}]}},{"threshold":2200848,"model":{"type":"model","model":"exotic_garden:drinks/lemon_juice","tints":[{"type":"minecraft:potion","default":-13083194}]}},{"threshold":2200849,"model":{"type":"model","model":"exotic_garden:drinks/lemonade","tints":[{"type":"minecraft:potion","default":-13083194}]}},{"threshold":2200850,"model":{"type":"model","model":"exotic_garden:drinks/lime_juice","tints":[{"type":"minecraft:potion","default":-13083194}]}},{"threshold":2200851,"model":{"type":"model","model":"exotic_garden:drinks/lime_smoothie","tints":[{"type":"minecraft:potion","default":-13083194}]}},{"threshold":2200852,"model":{"type":"model","model":"exotic_garden:drinks/oak_apple_juice","tints":[{"type":"minecraft:potion","default":-13083194}]}},{"threshold":2200853,"model":{"type":"model","model":"exotic_garden:drinks/orange_juice","tints":[{"type":"minecraft:potion","default":-13083194}]}},{"threshold":2200854,"model":{"type":"model","model":"exotic_garden:drinks/peach_iced_tea","tints":[{"type":"minecraft:potion","default":-13083194}]}},{"threshold":2200855,"model":{"type":"model","model":"exotic_garden:drinks/peach_juice","tints":[{"type":"minecraft:potion","default":-13083194}]}},{"threshold":2200856,"model":{"type":"model","model":"exotic_garden:drinks/pear_juice","tints":[{"type":"minecraft:potion","default":-13083194}]}},{"threshold":2200858,"model":{"type":"model","model":"exotic_garden:drinks/pineapple_juice","tints":[{"type":"minecraft:potion","default":-13083194}]}},{"threshold":2200859,"model":{"type":"model","model":"exotic_garden:drinks/pineapple_smoothie","tints":[{"type":"minecraft:potion","default":-13083194}]}},{"threshold":2200860,"model":{"type":"model","model":"exotic_garden:drinks/plum_juice","tints":[{"type":"minecraft:potion","default":-13083194}]}},{"threshold":2200861,"model":{"type":"model","model":"exotic_garden:drinks/pomegranate_juice","tints":[{"type":"minecraft:potion","default":-13083194}]}},{"threshold":2200862,"model":{"type":"model","model":"exotic_garden:drinks/raspberry_iced_tea","tints":[{"type":"minecraft:potion","default":-13083194}]}},{"threshold":2200863,"model":{"type":"model","model":"exotic_garden:drinks/raspberry_juice","tints":[{"type":"minecraft:potion","default":-13083194}]}},{"threshold":2200864,"model":{"type":"model","model":"exotic_garden:drinks/raspberry_smoothie","tints":[{"type":"minecraft:potion","default":-13083194}]}},{"threshold":2200865,"model":{"type":"model","model":"exotic_garden:drinks/strawberry_iced_tea","tints":[{"type":"minecraft:potion","default":-13083194}]}},{"threshold":2200866,"model":{"type":"model","model":"exotic_garden:drinks/strawberry_juice","tints":[{"type":"minecraft:potion","default":-13083194}]}},{"threshold":2200867,"model":{"type":"model","model":"exotic_garden:drinks/strawberry_smoothie","tints":[{"type":"minecraft:potion","default":-13083194}]}},{"threshold":2200869,"model":{"type":"model","model":"exotic_garden:drinks/thai_tea","tints":[{"type":"minecraft:potion","default":-13083194}]}},{"threshold":2200870,"model":{"type":"model","model":"exotic_garden:drinks/tomato_juice","tints":[{"type":"minecraft:potion","default":-13083194}]}},{"threshold":2200871,"model":{"type":"model","model":"exotic_garden:drinks/wine","tints":[{"type":"minecraft:potion","default":-13083194}]}},{"threshold":2201402,"model":{"type":"model","model":"bump:foods/xuebi","tints":[{"type":"minecraft:potion","default":-13083194}]}},{"threshold":2201403,"model":{"type":"model","model":"bump:foods/kele","tints":[{"type":"minecraft:potion","default":-13083194}]}},{"threshold":2203130,"model":{"type":"model","model":"gastronomicon:food/gn_peanut_butter","tints":[{"type":"minecraft:potion","default":-13083194}]}},{"threshold":2203137,"model":{"type":"model","model":"gastronomicon:food/gn_ketchup","tints":[{"type":"minecraft:potion","default":-13083194}]}},{"threshold":2203143,"model":{"type":"model","model":"gastronomicon:food/gn_soy_sauce","tints":[{"type":"minecraft:potion","default":-13083194}]}},{"threshold":2203144,"model":{"type":"model","model":"item/potion","tints":[{"type":"minecraft:potion","default":-13083194}]}}]},"oversized_in_gui":true}