{"model":{"type":"range_dispatch","property":"custom_model_data","index":0,"fallback":{"type":"minecraft:model","model":"minecraft:item/pumpkin_seeds"},"entries":[{"threshold":2201006,"model":{"type":"model","model":"exotic_garden:fruits/grass_seeds"}},{"threshold":2201580,"model":{"type":"model","model":"supreme:components/supreme_dust_glow_ink"}},{"threshold":2203034,"model":{"type":"model","model":"gastronomicon:ingredient/gn_rice"}},{"threshold":2203035,"model":{"type":"model","model":"gastronomicon:ingredient/gn_quinoa"}},{"threshold":2203041,"model":{"type":"model","model":"gastronomicon:ingredient/gn_rye_seeds"}},{"threshold":2203047,"model":{"type":"model","model":"gastronomicon:ingredient/gn_squash_seeds"}},{"threshold":2203054,"model":{"type":"model","model":"gastronomicon:ingredient/gn_cucumber_seeds"}},{"threshold":2203063,"model":{"type":"model","model":"gastronomicon:ingredient/gn_chili_pepper_seeds"}},{"threshold":2203067,"model":{"type":"model","model":"gastronomicon:ingredient/gn_lentils"}},{"threshold":2203068,"model":{"type":"model","model":"gastronomicon:ingredient/gn_peanuts"}},{"threshold":2203076,"model":{"type":"model","model":"gastronomicon:ingredient/gn_cauliflower_seeds"}},{"threshold":2203080,"model":{"type":"model","model":"gastronomicon:ingredient/gn_cumin_seeds"}},{"threshold":2203083,"model":{"type":"model","model":"gastronomicon:ingredient/gn_cantaloupe_seeds"}},{"threshold":2203085,"model":{"type":"model","model":"gastronomicon:ingredient/gn_honeydew_melon_seeds"}},{"threshold":2203086,"model":{"type":"model","model":"gastronomicon:ingredient/gn_sesame_seeds"}},{"threshold":2203101,"model":{"type":"model","model":"gastronomicon:ingredient/gn_salmon_roe"}},{"threshold":2300027,"model":{"type":"model","model":"cultivation:products/clt_mustard_seeds"}},{"threshold":2300028,"model":{"type":"model","model":"item/pumpkin_seeds"}}]},"oversized_in_gui":true}