{"model":{"type":"range_dispatch","property":"custom_model_data","index":0,"fallback":{"type":"minecraft:model","model":"minecraft:item/pumpkin_pie"},"entries":[{"threshold":2200321,"model":{"type":"model","model":"slimefun:slimefun/christmas/christmas_fruit_cake"}},{"threshold":2200322,"model":{"type":"model","model":"slimefun:slimefun/christmas/christmas_apple_pie"}},{"threshold":2200324,"model":{"type":"model","model":"slimefun:slimefun/christmas/christmas_cake"}},{"threshold":2200329,"model":{"type":"model","model":"slimefun:slimefun/easter/carrot_pie"}},{"threshold":2200330,"model":{"type":"model","model":"slimefun:slimefun/easter/easter_apple_pie"}},{"threshold":2200331,"model":{"type":"model","model":"item/pumpkin_pie"}}]},"oversized_in_gui":true}