{"model":{"type":"range_dispatch","property":"custom_model_data","index":0,"fallback":{"type":"minecraft:model","model":"minecraft:item/purple_dye"},"entries":[{"threshold":2200534,"model":{"type":"model","model":"slimefun:slimefun/magical_items/strange_nether_goo"}},{"threshold":2200825,"model":{"type":"model","model":"litexpansion:materials/uu_matter"}},{"threshold":2201539,"model":{"type":"model","model":"supreme:components/supreme_synthetic_amethyst"}},{"threshold":2202044,"model":{"type":"model","model":"slimefunwarfare:explosives/nitrogen_triiodide"}},{"threshold":2300046,"model":{"type":"model","model":"cultivation:products/clt_lavender"}},{"threshold":2300047,"model":{"type":"model","model":"item/purple_dye"}}]},"oversized_in_gui":true}