{"model":{"type":"range_dispatch","property":"custom_model_data","index":0,"fallback":{"type":"minecraft:model","model":"minecraft:item/quartz"},"entries":[{"threshold":2200677,"model":{"type":"model","model":"infinityexpansion:materials/quarry_oscillator_quartz"}},{"threshold":2202001,"model":{"type":"model","model":"slimefunwarfare:resources/borax"}},{"threshold":2305134,"model":{"type":"model","model":"infinityexpansion2:tools/oscillator_quartz"}},{"threshold":2305135,"model":{"type":"model","model":"item/quartz"}}]},"oversized_in_gui":true}