{"model":{"type":"range_dispatch","property":"custom_model_data","index":0,"fallback":{"type":"minecraft:model","model":"minecraft:block/quartz_bricks"},"entries":[{"threshold":2305169,"model":{"type":"model","model":"minecraft:block/quartz_bricks"}},{"threshold":2305190,"model":{"type":"model","model":"minecraft:block/quartz_bricks"}},{"threshold":2305191,"model":{"type":"model","model":"minecraft:block/quartz_bricks"}},{"threshold":2305192,"model":{"type":"model","model":"item/quartz_bricks"}}]},"oversized_in_gui":true}