{"model":{"type":"range_dispatch","property":"custom_model_data","index":0,"fallback":{"type":"minecraft:model","model":"minecraft:item/red_dye"},"entries":[{"threshold":2203120,"model":{"type":"model","model":"gastronomicon:ingredient/gn_crab"}},{"threshold":2203145,"model":{"type":"model","model":"gastronomicon:food/gn_red_bean_paste"}},{"threshold":2300048,"model":{"type":"model","model":"cultivation:products/clt_mace"}},{"threshold":2300049,"model":{"type":"model","model":"item/red_dye"}}]},"oversized_in_gui":true}