{"model":{"type":"range_dispatch","property":"custom_model_data","index":0,"fallback":{"type":"minecraft:model","model":"minecraft:block/red_terracotta"},"entries":[{"threshold":2200360,"model":{"type":"model","model":"slimefun:slimefun/energy/electric_ingot_factory"}},{"threshold":2200361,"model":{"type":"model","model":"slimefun:slimefun/energy/electric_ingot_factory2"}},{"threshold":2200362,"model":{"type":"model","model":"slimefun:slimefun/energy/electric_ingot_factory3"}},{"threshold":2200363,"model":{"type":"model","model":"slimefun:slimefun/energy/electrified_crucible"}},{"threshold":2200364,"model":{"type":"model","model":"slimefun:slimefun/energy/electrified_crucible2"}},{"threshold":2200365,"model":{"type":"model","model":"slimefun:slimefun/energy/electrified_crucible3"}},{"threshold":2200366,"model":{"type":"model","model":"item/red_terracotta"}}]},"oversized_in_gui":true}