{"model":{"type":"range_dispatch","property":"custom_model_data","index":0,"fallback":{"type":"minecraft:model","model":"minecraft:item/redstone"},"entries":[{"threshold":230514,"model":{"type":"model","model":"infinityexpansion2:icons/ui_energy_consumption"}},{"threshold":2200673,"model":{"type":"model","model":"infinityexpansion:materials/quarry_oscillator_redstone"}},{"threshold":2202049,"model":{"type":"model","model":"slimefunwarfare:explosives/pyro_powder"}},{"threshold":2305133,"model":{"type":"model","model":"infinityexpansion2:tools/oscillator_redstone"}},{"threshold":2305134,"model":{"type":"model","model":"item/redstone"}}]},"oversized_in_gui":true}