{"model":{"type":"range_dispatch","property":"custom_model_data","index":0,"fallback":{"type":"minecraft:model","model":"minecraft:item/shears"},"entries":[{"threshold":2200136,"model":{"type":"model","model":"slimefun:slimefun/technical_gadgets/duralumin_multi_tool"}},{"threshold":2200137,"model":{"type":"model","model":"slimefun:slimefun/technical_gadgets/solder_multi_tool"}},{"threshold":2200138,"model":{"type":"model","model":"slimefun:slimefun/technical_gadgets/billon_multi_tool"}},{"threshold":2200139,"model":{"type":"model","model":"slimefun:slimefun/technical_gadgets/steel_multi_tool"}},{"threshold":2200140,"model":{"type":"model","model":"slimefun:slimefun/technical_gadgets/damascus_steel_multi_tool"}},{"threshold":2200141,"model":{"type":"model","model":"slimefun:slimefun/technical_gadgets/reinforced_alloy_multi_tool"}},{"threshold":2200142,"model":{"type":"model","model":"slimefun:slimefun/technical_gadgets/carbonado_multi_tool"}},{"threshold":2200143,"model":{"type":"model","model":"item/shears"}}]},"oversized_in_gui":true}