{"model":{"type":"range_dispatch","property":"custom_model_data","index":0,"fallback":{"type":"minecraft:condition","on_false":{"type":"minecraft:special","base":"minecraft:item/shield","model":{"type":"minecraft:shield"}},"on_true":{"type":"minecraft:special","base":"minecraft:item/shield_blocking","model":{"type":"minecraft:shield"}},"property":"minecraft:using_item"},"entries":[{"threshold":2200689,"model":{"type":"minecraft:condition","on_false":{"type":"model","base":"minecraft:item/shield","model":"infinityexpansion:tools/cosmic_aegis/cosmic_aegis"},"on_true":{"type":"model","base":"minecraft:item/shield_blocking","model":"infinityexpansion:tools/cosmic_aegis/cosmic_aegis_blocking"},"property":"minecraft:using_item"}},{"threshold":2201901,"model":{"type":"minecraft:condition","on_false":{"type":"model","base":"minecraft:item/shield","model":"supreme:weapons/shield/supreme_shield_thornium"},"on_true":{"type":"model","base":"minecraft:item/shield_blocking","model":"supreme:weapons/shield/supreme_shield_thornium_blocking"},"property":"minecraft:using_item"}},{"threshold":2201902,"model":{"type":"minecraft:condition","on_false":{"type":"model","base":"minecraft:item/shield","model":"supreme:weapons/shield/supreme_shield_magic"},"on_true":{"type":"model","base":"minecraft:item/shield_blocking","model":"supreme:weapons/shield/supreme_shield_magic_blocking"},"property":"minecraft:using_item"}},{"threshold":2201903,"model":{"type":"minecraft:condition","on_false":{"type":"model","base":"minecraft:item/shield","model":"supreme:weapons/shield/supreme_shield_rare"},"on_true":{"type":"model","base":"minecraft:item/shield_blocking","model":"supreme:weapons/shield/supreme_shield_rare_blocking"},"property":"minecraft:using_item"}},{"threshold":2201904,"model":{"type":"minecraft:condition","on_false":{"type":"model","base":"minecraft:item/shield","model":"supreme:weapons/shield/supreme_shield_epic"},"on_true":{"type":"model","base":"minecraft:item/shield_blocking","model":"supreme:weapons/shield/supreme_shield_epic_blocking"},"property":"minecraft:using_item"}},{"threshold":2201905,"model":{"type":"minecraft:condition","on_false":{"type":"model","base":"minecraft:item/shield","model":"supreme:weapons/shield/supreme_shield_legendary"},"on_true":{"type":"model","base":"minecraft:item/shield_blocking","model":"supreme:weapons/shield/supreme_shield_legendary_blocking"},"property":"minecraft:using_item"}},{"threshold":2201906,"model":{"type":"minecraft:condition","on_false":{"type":"model","base":"minecraft:item/shield","model":"supreme:weapons/shield/supreme_shield_supreme"},"on_true":{"type":"model","base":"minecraft:item/shield_blocking","model":"supreme:weapons/shield/supreme_shield_supreme_blocking"},"property":"minecraft:using_item"}},{"threshold":2305030,"model":{"type":"minecraft:condition","on_false":{"type":"model","base":"minecraft:item/shield","model":"infinityexpansion2:icons/ui_protection_types"},"on_true":{"type":"model","base":"minecraft:item/shield_blocking","model":"infinityexpansion2:icons/ui_protection_types_blocking"},"property":"minecraft:using_item"}},{"threshold":2305142,"model":{"type":"minecraft:condition","on_false":{"type":"model","base":"minecraft:item/shield","model":"infinityexpansion2:gear/cosmic_aegis/infinity_shield"},"on_true":{"type":"model","base":"minecraft:item/shield_blocking","model":"infinityexpansion2:gear/cosmic_aegis/infinity_shield_blocking"},"property":"minecraft:using_item"}},{"threshold":2305143,"model":{"type":"minecraft:condition","on_false":{"type":"model","base":"minecraft:item/shield","model":"item/shield"},"on_true":{"type":"minecraft:special","base":"minecraft:item/shield_blocking","model":{"type":"minecraft:shield"}},"property":"minecraft:using_item"}}]},"oversized_in_gui":true}