{"model":{"type":"range_dispatch","property":"custom_model_data","index":0,"fallback":{"type":"minecraft:model","model":"minecraft:item/short_grass","tints":[{"type":"minecraft:grass","downfall":1.0,"temperature":0.5}]},"entries":[{"threshold":2300039,"model":{"type":"model","model":"cultivation:products/clt_dill","tints":[{"type":"minecraft:grass","downfall":1.0,"temperature":0.5}]}},{"threshold":2300040,"model":{"type":"model","model":"item/short_grass","tints":[{"type":"minecraft:grass","downfall":1.0,"temperature":0.5}]}}]},"oversized_in_gui":true}