{"model":{"type":"range_dispatch","property":"custom_model_data","index":0,"fallback":{"type":"minecraft:model","model":"minecraft:item/small_dripleaf"},"entries":[{"threshold":2203059,"model":{"type":"model","model":"gastronomicon:ingredient/gn_brussles_sprouts"}},{"threshold":2203064,"model":{"type":"model","model":"gastronomicon:ingredient/gn_parsley"}},{"threshold":2300030,"model":{"type":"model","model":"cultivation:products/clt_basil"}},{"threshold":2300031,"model":{"type":"model","model":"item/small_dripleaf"}}]},"oversized_in_gui":true}