{"model":{"type":"range_dispatch","property":"custom_model_data","index":0,"fallback":{"type":"minecraft:model","model":"minecraft:block/smithing_table"},"entries":[{"threshold":2201820,"model":{"type":"model","model":"supreme:machines/supreme_multiblock_gear"}},{"threshold":2203027,"model":{"type":"model","model":"gastronomicon:basic_machines/gn_chef_android_trainer"}},{"threshold":2301171,"model":{"type":"model","model":"slimetinker:workstations/tinkers_table"}},{"threshold":2301172,"model":{"type":"model","model":"slimetinker:workstations/tinkers_armour_table"}},{"threshold":2305194,"model":{"type":"model","model":"minecraft:block/smithing_table"}},{"threshold":2305195,"model":{"type":"model","model":"item/smithing_table"}}]},"oversized_in_gui":true}