{"model":{"type":"range_dispatch","property":"custom_model_data","index":0,"fallback":{"type":"minecraft:model","model":"minecraft:block/smoker"},"entries":[{"threshold":2200374,"model":{"type":"model","model":"slimefun:slimefun/energy/auto_drier"}},{"threshold":2200375,"model":{"type":"model","model":"slimefun:slimefun/energy/auto_brewer"}},{"threshold":2201320,"model":{"type":"model","model":"fluffymachines:misc/warp_pad"}},{"threshold":2300604,"model":{"type":"model","model":"geneticchickengineering:machines/genetic_sequencer"}},{"threshold":2300605,"model":{"type":"model","model":"item/smoker"}}]},"oversized_in_gui":true}