{"model":{"type":"range_dispatch","property":"custom_model_data","index":0,"fallback":{"type":"minecraft:model","model":"minecraft:block/smooth_stone"},"entries":[{"threshold":2305146,"model":{"type":"model","model":"minecraft:block/smooth_stone"}},{"threshold":2305147,"model":{"type":"model","model":"minecraft:block/smooth_stone"}},{"threshold":2305148,"model":{"type":"model","model":"minecraft:block/smooth_stone"}},{"threshold":2305149,"model":{"type":"model","model":"minecraft:block/smooth_stone"}},{"threshold":2305172,"model":{"type":"model","model":"minecraft:block/smooth_stone"}},{"threshold":2305184,"model":{"type":"model","model":"minecraft:block/smooth_stone"}},{"threshold":2305185,"model":{"type":"model","model":"item/smooth_stone"}}]},"oversized_in_gui":true}