{"model":{"type":"range_dispatch","property":"custom_model_data","index":0,"fallback":{"type":"minecraft:model","model":"minecraft:item/snowball"},"entries":[{"threshold":2200199,"model":{"type":"model","model":"slimefun:slimefun/miscellaneous/heavy_cream"}},{"threshold":2202051,"model":{"type":"model","model":"slimefunwarfare:explosives/grenade"}},{"threshold":2202052,"model":{"type":"model","model":"slimefunwarfare:explosives/nitrogen_triiodide_grenade"}},{"threshold":2202054,"model":{"type":"model","model":"slimefunwarfare:explosives/arsenic_grenade"}},{"threshold":2202055,"model":{"type":"model","model":"slimefunwarfare:explosives/pyro_powder_grenade"}},{"threshold":2202056,"model":{"type":"model","model":"slimefunwarfare:explosives/thioacetone_grenade"}},{"threshold":2202057,"model":{"type":"model","model":"slimefunwarfare:explosives/osmium_dust_grenade"}},{"threshold":2202058,"model":{"type":"model","model":"item/snowball"}}]},"oversized_in_gui":true}