{"model":{"type":"range_dispatch","property":"custom_model_data","index":0,"fallback":{"type":"minecraft:model","model":"minecraft:block/spruce_leaves","tints":[{"type":"minecraft:constant","value":-10380959}]},"entries":[{"threshold":2300051,"model":{"type":"model","model":"cultivation:products/clt_oregano","tints":[{"type":"minecraft:constant","value":-10380959}]}},{"threshold":2300052,"model":{"type":"model","model":"item/spruce_leaves","tints":[{"type":"minecraft:constant","value":-10380959}]}}]},"oversized_in_gui":true}