{"model":{"type":"range_dispatch","property":"custom_model_data","index":0,"fallback":{"type":"minecraft:model","model":"minecraft:item/stick"},"entries":[{"threshold":2200011,"model":{"type":"model","model":"slimefun:slimefun/weapons/grandmas_walking_stick"}},{"threshold":2200012,"model":{"type":"model","model":"slimefun:slimefun/weapons/grandpas_walking_stick"}},{"threshold":2200133,"model":{"type":"model","model":"slimefun:slimefun/magical_gadgets/staff_elemental"}},{"threshold":2200134,"model":{"type":"model","model":"slimefun:slimefun/magical_gadgets/staff_elemental_wind"}},{"threshold":2200135,"model":{"type":"model","model":"slimefun:slimefun/magical_gadgets/staff_elemental_water"}},{"threshold":2200160,"model":{"type":"model","model":"slimefun:slimefun/magical_gadgets/staff_elemental_fire"}},{"threshold":2200161,"model":{"type":"model","model":"slimefun:slimefun/magical_gadgets/staff_elemental_storm"}},{"threshold":2200225,"model":{"type":"model","model":"slimefun:slimefun/items/splint"}},{"threshold":2201417,"model":{"type":"model","model":"bump:magical_items/peach_wood"}},{"threshold":2203001,"model":{"type":"model","model":"gastronomicon:tools/gn_rolling_pin"}},{"threshold":2300029,"model":{"type":"model","model":"cultivation:products/clt_cinnamon"}},{"threshold":2300030,"model":{"type":"model","model":"item/stick"}}]},"oversized_in_gui":true}