{"model":{"type":"range_dispatch","property":"custom_model_data","index":0,"fallback":{"type":"minecraft:model","model":"minecraft:block/stone_pressure_plate"},"entries":[{"threshold":2200463,"model":{"type":"model","model":"slimefun:slimefun/gps/gps_activation_device_shared"}},{"threshold":2200464,"model":{"type":"model","model":"slimefun:slimefun/gps/gps_activation_device_personal"}},{"threshold":2200470,"model":{"type":"model","model":"slimefun:slimefun/gps/elevator_plate"}},{"threshold":2200471,"model":{"type":"model","model":"item/stone_pressure_plate"}}]},"oversized_in_gui":true}