{"model":{"type":"range_dispatch","property":"custom_model_data","index":0,"fallback":{"type":"minecraft:model","model":"minecraft:item/string"},"entries":[{"threshold":2200129,"model":{"type":"model","model":"slimefun:slimefun/miscellaneous/chain"}},{"threshold":2200308,"model":{"type":"model","model":"slimefun:slimefun/technical_components/copper_wire"}},{"threshold":2200813,"model":{"type":"model","model":"litexpansion:materials/copper_cable"}},{"threshold":2200824,"model":{"type":"model","model":"litexpansion:materials/uninsulated_copper_cable"}},{"threshold":2201404,"model":{"type":"model","model":"bump:foods/fangbianmian"}},{"threshold":2202011,"model":{"type":"model","model":"slimefunwarfare:general/fiber_optic_cable"}},{"threshold":2203012,"model":{"type":"model","model":"gastronomicon:tools/gn_steel_wire"}},{"threshold":2203013,"model":{"type":"model","model":"gastronomicon:tools/gn_steel_spring"}},{"threshold":2203014,"model":{"type":"model","model":"item/string"}}]},"oversized_in_gui":true}