{"model":{"type":"range_dispatch","property":"custom_model_data","index":0,"fallback":{"type":"minecraft:model","model":"minecraft:item/sugar"},"entries":[{"threshold":2200042,"model":{"type":"model","model":"slimefun:slimefun/food/magic_sugar"}},{"threshold":2200099,"model":{"type":"model","model":"slimefun:slimefun/resources/dusts/tin_dust"}},{"threshold":2200101,"model":{"type":"model","model":"slimefun:slimefun/resources/dusts/silver_dust"}},{"threshold":2200102,"model":{"type":"model","model":"slimefun:slimefun/resources/dusts/aluminum_dust"}},{"threshold":2200103,"model":{"type":"model","model":"slimefun:slimefun/resources/dusts/zinc_dust"}},{"threshold":2200104,"model":{"type":"model","model":"slimefun:slimefun/resources/dusts/magnesium_dust"}},{"threshold":2200114,"model":{"type":"model","model":"slimefun:slimefun/miscellaneous/wheat_flour"}},{"threshold":2200198,"model":{"type":"model","model":"slimefun:slimefun/miscellaneous/salt"}},{"threshold":2200378,"model":{"type":"model","model":"slimefun:slimefun/resources/valuables/magnesium_salt"}},{"threshold":2201074,"model":{"type":"model","model":"exotic_garden:misc/cornmeal"}},{"threshold":2201406,"model":{"type":"model","model":"bump:foods/kouxiangtang"}},{"threshold":2201416,"model":{"type":"model","model":"bump:magical_items/water_sugar"}},{"threshold":2202061,"model":{"type":"model","model":"slimefunwarfare:resources/osmium_dust"}},{"threshold":2203123,"model":{"type":"model","model":"gastronomicon:food/gn_cooked_rice"}},{"threshold":2203124,"model":{"type":"model","model":"gastronomicon:food/gn_barley_flour"}},{"threshold":2203125,"model":{"type":"model","model":"gastronomicon:food/gn_sorghum_flour"}},{"threshold":2203126,"model":{"type":"model","model":"gastronomicon:food/gn_rye_flour"}},{"threshold":2203146,"model":{"type":"model","model":"gastronomicon:food/gn_tapioca_starch"}},{"threshold":2203147,"model":{"type":"model","model":"item/sugar"}}]},"oversized_in_gui":true}