{"model":{"type":"range_dispatch","property":"custom_model_data","index":0,"fallback":{"type":"minecraft:model","model":"minecraft:block/terracotta"},"entries":[{"threshold":2301009,"model":{"type":"model","model":"slimetinker:materials/blocks/block_cast_copper"}},{"threshold":2301029,"model":{"type":"model","model":"slimetinker:materials/blocks/block_cast_bronze"}},{"threshold":2301031,"model":{"type":"model","model":"slimetinker:materials/blocks/block_cast_alu_bronze"}},{"threshold":2301035,"model":{"type":"model","model":"slimetinker:materials/blocks/block_cast_cor_bronze"}},{"threshold":2301053,"model":{"type":"model","model":"slimetinker:materials/blocks/block_cast_redstone_alloy"}},{"threshold":2301056,"model":{"type":"model","model":"slimetinker:materials/blocks/block_cast_boomerite"}},{"threshold":2301057,"model":{"type":"model","model":"item/terracotta"}}]},"oversized_in_gui":true}