{"model":{"type":"range_dispatch","property":"custom_model_data","index":0,"fallback":{"type":"minecraft:select","cases":[{"model":{"type":"minecraft:model","model":"minecraft:item/trident"},"when":["gui","ground","fixed"]}],"fallback":{"type":"minecraft:condition","on_false":{"type":"minecraft:special","base":"minecraft:item/trident_in_hand","model":{"type":"minecraft:trident"}},"on_true":{"type":"minecraft:special","base":"minecraft:item/trident_throwing","model":{"type":"minecraft:trident"}},"property":"minecraft:using_item"},"property":"minecraft:display_context"},"entries":[{"threshold":2200273,"model":{"type":"select","property":"display_context","cases":[{"model":{"type":"model","model":"slimefun:ia_auto_gen/soulbound_trident_icon"},"when":["gui","ground","fixed"]}],"fallback":{"type":"minecraft:condition","on_false":{"type":"model","model":"slimefun:slimefun/weapons/soulbound_trident"},"on_true":{"type":"model","model":"slimefun:slimefun/weapons/soulbound_trident_throwing"},"property":"minecraft:using_item"}}},{"threshold":2200274,"model":{"type":"minecraft:select","cases":[{"model":{"type":"minecraft:model","model":"minecraft:item/trident"},"when":["gui","ground","fixed"]}],"fallback":{"type":"minecraft:condition","on_false":{"type":"model","model":"item/trident"},"on_true":{"type":"minecraft:special","base":"minecraft:item/trident_throwing","model":{"type":"minecraft:trident"}},"property":"minecraft:using_item"},"property":"minecraft:display_context"}}]},"oversized_in_gui":true}