{"model":{"type":"range_dispatch","property":"custom_model_data","index":0,"fallback":{"type":"minecraft:model","model":"minecraft:item/vine","tints":[{"type":"minecraft:constant","value":-12012264}]},"entries":[{"threshold":2203088,"model":{"type":"model","model":"gastronomicon:ingredient/gn_vanilla_plant","tints":[{"type":"minecraft:constant","value":-12012264}]}},{"threshold":2203089,"model":{"type":"model","model":"item/vine","tints":[{"type":"minecraft:constant","value":-12012264}]}}]},"oversized_in_gui":true}