{"model":{"type":"range_dispatch","property":"custom_model_data","index":0,"fallback":{"type":"minecraft:model","model":"minecraft:item/wheat_seeds"},"entries":[{"threshold":230516,"model":{"type":"model","model":"infinityexpansion2:icons/ui_chance"}},{"threshold":2203039,"model":{"type":"model","model":"gastronomicon:ingredient/gn_barley_seeds"}},{"threshold":2203070,"model":{"type":"model","model":"gastronomicon:ingredient/gn_peas"}},{"threshold":2203071,"model":{"type":"model","model":"item/wheat_seeds"}}]},"oversized_in_gui":true}