{"model":{"type":"range_dispatch","property":"custom_model_data","index":0,"fallback":{"type":"minecraft:model","model":"minecraft:item/wheat"},"entries":[{"threshold":2203038,"model":{"type":"model","model":"gastronomicon:ingredient/gn_barley"}},{"threshold":2203040,"model":{"type":"model","model":"gastronomicon:ingredient/gn_rye"}},{"threshold":2203042,"model":{"type":"model","model":"gastronomicon:ingredient/gn_sorghum"}},{"threshold":2203043,"model":{"type":"model","model":"item/wheat"}}]},"oversized_in_gui":true}