{"model":{"type":"range_dispatch","property":"custom_model_data","index":0,"fallback":{"type":"minecraft:model","model":"minecraft:block/white_glazed_terracotta"},"entries":[{"threshold":2200430,"model":{"type":"model","model":"slimefun:slimefun/magical_gadgets/rainbow_glazed_terracotta"}},{"threshold":2200436,"model":{"type":"model","model":"slimefun:slimefun/christmas/rainbow_glazed_terracotta_xmas"}},{"threshold":2200437,"model":{"type":"model","model":"item/white_glazed_terracotta"}}]},"oversized_in_gui":true}