{"model":{"type":"range_dispatch","property":"custom_model_data","index":0,"fallback":{"type":"minecraft:model","model":"minecraft:item/white_stained_glass_pane"},"entries":[{"threshold":2200427,"model":{"type":"model","model":"slimefun:slimefun/magical_gadgets/rainbow_glass_pane"}},{"threshold":2200433,"model":{"type":"model","model":"slimefun:slimefun/christmas/rainbow_glass_pane_xmas"}},{"threshold":2200434,"model":{"type":"model","model":"item/white_stained_glass_pane"}}]},"oversized_in_gui":true}