{"model":{"type":"range_dispatch","property":"custom_model_data","index":0,"fallback":{"type":"minecraft:model","model":"minecraft:item/wooden_hoe"},"entries":[{"threshold":2200806,"model":{"type":"model","model":"slimy_tree_taps:treetap/tree_tap"}},{"threshold":2201073,"model":{"type":"model","model":"exotic_garden:misc/crook"}},{"threshold":2203017,"model":{"type":"model","model":"gastronomicon:tools/gn_wooden_sickle"}},{"threshold":2203018,"model":{"type":"model","model":"item/wooden_hoe"}}]},"oversized_in_gui":true}