{"model":{"type":"range_dispatch","property":"custom_model_data","index":0,"fallback":{"type":"minecraft:model","model":"minecraft:item/yellow_dye"},"entries":[{"threshold":2203133,"model":{"type":"model","model":"gastronomicon:food/gn_scrambled_eggs"}},{"threshold":2203134,"model":{"type":"model","model":"gastronomicon:food/gn_custard"}},{"threshold":2300059,"model":{"type":"model","model":"cultivation:products/clt_turmeric"}},{"threshold":2300060,"model":{"type":"model","model":"item/yellow_dye"}}]},"oversized_in_gui":true}