{"model":{"type":"range_dispatch","property":"custom_model_data","index":0,"fallback":{"type":"minecraft:model","model":"minecraft:block/yellow_carpet"},"entries":[{"threshold":2301097,"model":{"type":"model","model":"slimetinker:casts/cast_nugget"}},{"threshold":2301098,"model":{"type":"model","model":"slimetinker:casts/cast_ingot"}},{"threshold":2301099,"model":{"type":"model","model":"slimetinker:casts/cast_block"}},{"threshold":2301100,"model":{"type":"model","model":"slimetinker:casts/cast_gem"}},{"threshold":2301112,"model":{"type":"model","model":"slimetinker:casts/cast_repairkit"}},{"threshold":2301113,"model":{"type":"model","model":"item/yellow_carpet"}}]},"oversized_in_gui":true}