{"model":{"type":"range_dispatch","property":"custom_model_data","index":0,"fallback":{"type":"minecraft:special","base":"minecraft:item/template_skull","model":{"type":"minecraft:head","kind":"zombie"}},"entries":[{"threshold":2201418,"model":{"type":"select","property":"display_context","cases":[{"model":{"type":"model","model":"bump:ia_auto_gen/update_power_icon"},"when":["gui","ground","fixed"]}],"fallback":{"type":"model","base":"minecraft:item/template_skull","model":"bump:magical_items/update_power"}}},{"threshold":2201419,"model":{"type":"model","base":"minecraft:item/template_skull","model":"item/zombie_head"}}]},"oversized_in_gui":true}